Ecoregions;Fish_Density;SumNat_PFC;Habitat_Heterogeneity;Pred_Density_Fish;lower_Density_Fish;upperr_Density_Fish
SAP;164;1.167310935;0;4.136471345;3.788808903;4.484133788
SAP;327;1.055203887;0.065;4.172487958;3.8349279;4.510048016
CPL;51;0.880179615;0.124;4.205179961;3.876432413;4.533927509
CPL;83;0.92031787;0.179;4.235655557;3.914791244;4.55651987
CPL;676;0.323170078;0.23;4.263914746;3.950052659;4.577776832
SAP;357;0.719660575;0.278;4.29051163;3.982950793;4.598072466
CPL;604;0.69360959;0.301;4.30325597;3.998609884;4.607902055
CPL;555;0.365603163;0.323;4.315446208;4.013522242;4.617370174
CPL;816;0.79274021;0.349;4.329852853;4.031060418;4.628645289
CPL;797;0.90051998;0.366;4.339272583;4.042476272;4.636068894
CPL;899;0.323170078;0.394;4.354787432;4.061187719;4.648387145
XER;316;1.444598733;0.406;4.361436653;4.069171417;4.653701888
WMT;204;1.167310935;0.444;4.382492519;4.09430842;4.670676618
WMT;59;1.167310935;0.48;4.402440182;4.117912996;4.686967368
WMT;88;1.138754457;0.487;4.406318894;4.122478417;4.69015937
XER;221;0.769170711;0.515;4.421833743;4.140658832;4.703008653
XER;728;1.283747162;0.548;4.4401191;4.161914969;4.718323231
WMT;57;0.880179615;0.564;4.448984728;4.172152786;4.725816669
XER;180;0.880179615;0.579;4.457296254;4.181709484;4.732883024
XER;33;1.124053444;0.582;4.458958559;4.183615983;4.734301136
WMT;120;0.994617518;0.598;4.467824187;4.193756452;4.741891922
WMT;7;0.958396827;0.609;4.473919306;4.200700899;4.747137714
WMT;106;0.547576413;0.618;4.478906222;4.206366111;4.751446333
WMT;26;0.76917071;0.629;4.485001341;4.213269785;4.756732897
XER;41;1.012086015;0.639;4.490542359;4.219526151;4.761558566
WMT;24;0.769170711;0.644;4.493312867;4.222647249;4.763978485
XER;284;1.093748138;0.65;4.496637478;4.226386299;4.766888657
WMT;99;0.976728052;0.659;4.501624393;4.231981984;4.771266803
XER;3;1.153169995;0.667;4.506057207;4.236942869;4.775171546
XER;157;1.062152864;0.672;4.508827716;4.240037147;4.777618286
SPL;339;0.638593544;0.678;4.512152327;4.243743879;4.780560774
WMT;493;1.153169995;0.68;4.51326053;4.2449779;4.78154316
SPL;88;0.323170078;0.683;4.514922835;4.246827469;4.783018202
SPL;267;1.283747162;0.694;4.521017954;4.253594145;4.788441764
WMT;115;1.259404755;0.695;4.521572056;4.254208118;4.788935994
SPL;518;1.167310935;0.696;4.522126158;4.254821895;4.789430421
SPL;240;0.76917071;0.699;4.523788463;4.256662041;4.790914885
XER;64;0.666611091;0.704;4.526558972;4.259724998;4.793392945
WMT;57;1.181187542;0.705;4.527113074;4.260336996;4.793889152
SPL;66;1.259404755;0.707;4.528221277;4.261560395;4.794882159
WMT;19;1.138754457;0.709;4.529329481;4.262783;4.795875961
XER;190;0.769170711;0.714;4.532099989;4.265836031;4.798363948
SPL;403;1.045836231;0.716;4.533208193;4.267055848;4.799360538
NAP;158;1.088574759;0.72;4.5354246;4.269493083;4.801356116
NAP;190;1.153169995;0.728;4.539857414;4.274357935;4.805356893
CPL;80;1.045836231;0.73;4.540965617;4.275572138;4.806359096
CPL;227;0.880179615;0.737;4.544844329;4.279815497;4.809873162
CPL;11;0.839926786;0.741;4.547060736;4.282235826;4.811885647
CPL;188;0.609476993;0.745;4.549277143;4.28465291;4.813901376
CPL;152;0.880179615;0.747;4.550385347;4.285860234;4.81491046
CPL;283;1.138754457;0.761;4.558142771;4.294288662;4.821996881
CPL;20;0.792740211;0.764;4.559805076;4.296089536;4.823520617
SAP;121;1.012086015;0.769;4.562575585;4.299086885;4.826064285
CPL;50;1.35232298;0.774;4.565346094;4.302079088;4.8286131
CPL;16;0.920317871;0.779;4.568116603;4.305066131;4.831167074
CPL;397;1.221325798;0.783;4.570333009;4.307452042;4.833213977
CPL;368;1.181187542;0.786;4.571995315;4.309239299;4.83475133
CPL;6;1.029152902;0.788;4.573103518;4.310429766;4.83577727
CPL;692;0.90051998;0.79;4.574211722;4.311619402;4.836804041
CPL;537;0.914433743;0.793;4.575874027;4.313402296;4.838345758
SAP;46;0.939601471;0.795;4.57698223;4.314589851;4.83937461
SAP;649;1.167310935;0.8;4.579752739;4.317555088;4.84195039
SAP;155;0.638593544;0.809;4.584739655;4.322879346;4.846599963
UMW;598;0.994617518;0.811;4.585847858;4.32406021;4.847635506
TPL;172;0.79274021;0.816;4.588618367;4.327008695;4.850228039
TPL;387;0.40574142;0.822;4.591942977;4.330539935;4.85334602
TPL;473;0.666611091;0.829;4.59582169;4.334650121;4.856993258
TPL;785;0.323170078;0.831;4.596929893;4.335822559;4.858037227
TPL;140;0;0.833;4.598038097;4.33699415;4.859082043
UMW;329;0.443820376;0.836;4.599700402;4.33874995;4.860650854
TPL;259;0.405741419;0.838;4.600808605;4.339919423;4.861697788
TPL;262;0.638593544;0.84;4.601916809;4.341088048;4.862745569
UMW;365;0.79274021;0.842;4.603025012;4.342255824;4.8637942
TPL;234;0.976728052;0.843;4.603579114;4.342839394;4.864318834
TPL;95;0.323170078;0.844;4.604133216;4.343422751;4.86484368
TPL;136;0.547576413;0.846;4.605241419;4.344588828;4.865894011
TPL;114;0.480041067;0.851;4.608011928;4.347500297;4.868523559
TPL;252;0.514576451;0.856;4.610782437;4.350406441;4.871158432
UMW;425;0.609476993;0.857;4.611336538;4.35098703;4.871686047
TPL;180;0.27816376;0.859;4.612444742;4.352147568;4.872741916
TPL;4;1.10905542;0.861;4.613552945;4.353307252;4.873798639
TPL;351;0.920317871;0.863;4.614661149;4.354466081;4.874856217
UMW;324;0.69360959;0.866;4.616323454;4.356202722;4.876444187
TPL;261;0.480041067;0.87;4.618539861;4.358515247;4.878564476
WMT;15;1.062152864;0.875;4.62131037;4.361401083;4.881219657
WMT;5;1.194809519;0.877;4.622418573;4.362553916;4.88228323
XER;226;1.194809519;0.88;4.624080879;4.364281557;4.8838802
XER;44;0.939601472;0.882;4.625189082;4.365432244;4.88494592
XER;9;1.045836231;0.886;4.627405489;4.367731039;4.887079939
XER;7;1.045836231;0.888;4.628513692;4.368879146;4.888148239
SAP;933;1.177051727;0.89;4.629621896;4.370026393;4.889217399
TPL;998;0.323170078;0.893;4.631284201;4.371745648;4.890822754
TPL;522;0.815584379;0.894;4.631838303;4.372318302;4.891358304
TPL;493;0.644282283;0.901;4.635717015;4.376320848;4.895113182
TPL;384;0.514576452;0.903;4.636825219;4.377462491;4.896187946
TPL;477;0.976728052;0.909;4.640149829;4.380882239;4.899417419
TPL;531;0.994617518;0.913;4.642366236;4.383157751;4.901574721
TPL;492;0.976728052;0.914;4.642920338;4.383726088;4.902114588
TPL;482;1.045836231;0.918;4.645136745;4.385997274;4.904276215
TPL;560;0.69360959;0.92;4.646244948;4.387131569;4.905358327
TPL;598;0.90051998;0.922;4.647353152;4.388264998;4.906441305
UMW;225;0.69360959;0.924;4.648461355;4.389397561;4.907525149
TPL;19;0.666611091;0.93;4.651785966;4.392790051;4.91078188
SAP;1138;0.547576413;0.932;4.652894169;4.393919147;4.911869191
UMW;509;0.579171687;0.934;4.654002373;4.395047376;4.912957369
TPL;531;0.69360959;0.939;4.656772881;4.397864153;4.91568161
UMW;515;1.181187542;0.94;4.657326983;4.398426857;4.916227109
UMW;710;0.880179615;0.942;4.658435187;4.399551615;4.917318758
SAP;281;0.79274021;0.943;4.658989288;4.400113669;4.917864908
UMW;648;0.666611091;0.945;4.660097492;4.401237124;4.918957859
TPL;922;0.064595236;0.946;4.660651594;4.401798527;4.91950466
TPL;486;0.90051998;0.947;4.661205695;4.402359712;4.920051679
TPL;1954;0.76917071;0.949;4.662313899;4.403481431;4.921146367
UMW;548;0.994617518;0.951;4.663422102;4.404602281;4.922241924
TPL;26;0.666611091;0.954;4.665084407;4.406281927;4.923886888
UMW;418;0.815584379;0.957;4.666746713;4.407959618;4.925533808
TPL;318;0.579171687;0.958;4.667300814;4.408518413;4.926083216
UMW;533;0.719660575;0.96;4.668409018;4.409635353;4.927182683
SPL;329;0.792740211;0.962;4.669517221;4.410751423;4.92828302
SPL;228;0.958396827;0.966;4.671733628;4.412980956;4.930486301
TPL;11;0.69360959;0.969;4.673395934;4.414650823;4.932141044
SPL;50;1.208186041;0.971;4.674504137;4.41576298;4.933245294
SPL;960;1.181187542;0.975;4.676720544;4.417984687;4.935456401
TPL;550;0.994617518;0.977;4.677828748;4.419094236;4.936563259
TPL;917;0.69360959;0.979;4.678936951;4.420202915;4.937670987
SPL;245;0.958396827;0.98;4.679491053;4.420756929;4.938225177
SPL;744;0.976728052;0.981;4.680045155;4.421310725;4.938779584
SPL;527;1.109055421;0.982;4.680599256;4.421864303;4.939334209
SPL;2712;1.208186041;0.983;4.681153358;4.422417665;4.939889051
SPL;286;1.078118574;0.984;4.68170746;4.422970808;4.940444111
TPL;120;1.078118573;0.986;4.682815663;4.424076444;4.941554883
SPL;552;0.958396827;0.988;4.683923867;4.42518121;4.942666524
SPL;499;0.994617518;0.991;4.685586172;4.426836728;4.944335616
TPL;482;1.109055421;0.995;4.687802579;4.429041042;4.946564116
CPL;781;0.976728052;0.996;4.688356681;4.429591577;4.947121784
CPL;255;0.92031787;0.998;4.689464884;4.430691996;4.948237773
CPL;769;1.045836232;1.002;4.691681291;4.432890225;4.950472358
CPL;534;1.35232298;1.005;4.693343596;4.434536615;4.952150578
CPL;577;1.124053444;1.007;4.6944518;4.435633122;4.953270477
CPL;1106;1.318826611;1.01;4.696114105;4.437276254;4.954951956
CPL;615;1.153169995;1.012;4.697222309;4.43837059;4.956074027
CPL;612;0.179033139;1.014;4.698330512;4.439464057;4.957196967
CPL;510;1.045836231;1.017;4.699992817;4.44110263;4.958883005
CPL;516;0.920317871;1.019;4.701101021;4.442193926;4.960008115
CPL;564;1.221325798;1.022;4.702763326;4.443829244;4.961697408
CPL;5753;0.769170711;1.027;4.705533835;4.446550435;4.964517234
CPL;483;0.514576451;1.029;4.706642038;4.447637394;4.965646683
CPL;664;1.078118574;1.031;4.707750242;4.448723485;4.966776998
CPL;502;0.514576451;1.039;4.712183056;4.453059188;4.971306923
CPL;248;0.40574142;1.042;4.713845361;4.454681504;4.973009217
CPL;342;0.547576413;1.043;4.714399463;4.455221844;4.973577081
CPL;569;0.65871339;1.044;4.714953564;4.455761967;4.974145162
CPL;590;0.578741946;1.046;4.716061768;4.456841564;4.975281971
CPL;580;0.638593544;1.047;4.71661587;4.457381038;4.975850701
CPL;546;0.833366711;1.049;4.717724073;4.458459339;4.976988807
CPL;545;0.719660575;1.051;4.718832276;4.459536775;4.978127778
CPL;367;0.547576413;1.052;4.719386378;4.460075169;4.978697588
CPL;510;0.323170078;1.053;4.71994048;4.460613347;4.979267613
CPL;516;0.443820376;1.055;4.721048683;4.461689055;4.980408312
CPL;369;0.480041067;1.059;4.72326509;4.463837882;4.982692299
CPL;281;0.76917071;1.061;4.724373294;4.464911001;4.983835587
CPL;567;0.547576413;1.062;4.724927396;4.465447237;4.984407554
CPL;625;0.393926153;1.065;4.726589701;4.467054652;4.98612475
CPL;501;0.880179615;1.068;4.728252006;4.468660129;4.987843884
CPL;194;0.547576413;1.069;4.728806108;4.469194857;4.988417359
NAP;42;1.211126151;1.07;4.72936021;4.46972937;4.988991049
NAP;74;0.976728052;1.073;4.731022515;4.471331618;4.990713411
NAP;193;1.124053444;1.074;4.731576617;4.471865271;4.991287962
NAP;540;1.138754457;1.075;4.732130718;4.472398709;4.991862728
NAP;660;0.958396827;1.077;4.733238922;4.473464939;4.993012904
NAP;223;1.124053444;1.078;4.733793024;4.473997732;4.993588315
NAP;293;0.939601472;1.079;4.734347125;4.474530311;4.99416394
NAP;118;1.062152864;1.08;4.734901227;4.475062674;4.99473978
CPL;186;0.859266207;1.083;4.736563532;4.476658477;4.996468587
CPL;5;0.994617518;1.084;4.737117634;4.477189983;4.997045285
SAP;445;0.837746529;1.086;4.738225837;4.47825235;4.998199325
CPL;350;0.815584379;1.089;4.739888143;4.479844294;4.999931992
SAP;1297;0.880179615;1.091;4.740996346;4.480904519;5.001088174
SAP;450;1.208186041;1.092;4.741550448;4.48143431;5.001666586
SAP;275;1.017247405;1.093;4.74210455;4.481963887;5.002245212
SAP;498;1.045836231;1.094;4.742658651;4.482493251;5.002824052
CPL;471;1.259404755;1.096;4.743766855;4.483551336;5.003982373
CPL;540;1.246927538;1.098;4.744875058;4.484608567;5.00514155
SAP;464;1.045836231;1.1;4.745983262;4.485664943;5.00630158
SAP;584;1.179811496;1.103;4.747645567;4.487247907;5.008043227
NAP;56;1.259404755;1.104;4.748199669;4.487775135;5.008624203
NAP;81;1.138754457;1.105;4.748753771;4.48830215;5.009205392
NAP;44;0.958396827;1.108;4.750416076;4.489881915;5.010950237
NAP;51;0.880179615;1.109;4.750970178;4.490408077;5.011532278
NAP;529;1.153169995;1.11;4.751524279;4.490934027;5.012114532
NAP;249;1.307316662;1.112;4.752632483;4.491985288;5.013279678
NAP;112;1.259404755;1.114;4.753740686;4.493035698;5.014445674
NAP;51;1.221325798;1.117;4.755402991;4.49460972;5.016196263
NAP;301;1.234237026;1.118;4.755957093;4.495133969;5.016780218
NAP;33;1.434894322;1.121;4.757619398;4.496705443;5.018533354
NAP;175;0.958396827;1.123;4.758727602;4.497752033;5.019703171
NAP;517;0.815584379;1.124;4.759281704;4.498275009;5.020288398
NAP;348;0.579171687;1.125;4.759835805;4.498797774;5.020873836
NAP;194;1.039207822;1.126;4.760389907;4.499320328;5.021459487
NAP;258;0.939601472;1.13;4.762606314;4.501408426;5.023804203
NAP;119;1.341324603;1.131;4.763160416;4.501929922;5.02439091
NAP;22;1.454177923;1.133;4.764268619;4.50297228;5.025564959
NAP;493;0.939601471;1.134;4.764822721;4.503493142;5.0261523
NAP;274;0.792740211;1.135;4.765376823;4.504013794;5.026739852
NAP;551;0.945290211;1.137;4.766485026;4.505054464;5.027915589
NAP;450;1.208186041;1.139;4.76759323;4.506094291;5.029092168
UMW;516;1.208186041;1.144;4.770363739;4.508690175;5.032037302
UMW;803;0.880179614;1.146;4.771471942;4.509727057;5.033216827
TPL;669;0.920317871;1.148;4.772580146;4.510763099;5.034397192
UMW;525;1.045836231;1.152;4.774796552;4.512832665;5.03676044
TPL;531;0.792740211;1.153;4.775350654;4.513349533;5.037351775
UMW;593;1.079696421;1.159;4.778675265;4.516446345;5.040904184
UMW;555;1.093748138;1.167;4.783108079;4.520563737;5.04565242
UMW;224;1.085974487;1.172;4.785878587;4.523130341;5.048626834
TPL;507;0.859266207;1.173;4.786432689;4.523643038;5.04922234
TPL;731;0.69360959;1.175;4.787540893;4.524667811;5.050413974
UMW;577;1.153169995;1.177;4.788649096;4.525691754;5.051606438
UMW;236;1.049128374;1.178;4.789203198;4.526203415;5.05220298
UMW;442;0.969449789;1.18;4.790311401;4.527226116;5.053396686
UMW;353;0.976728052;1.181;4.790865503;4.527737157;5.053993849
UMW;687;1.079170844;1.182;4.791419605;4.52824799;5.054591219
UMW;416;0.983487221;1.189;4.795298317;4.531818046;5.058778588
UMW;503;1.132908939;1.191;4.79640652;4.532836208;5.059976833
UMW;447;1.293264944;1.193;4.797514724;4.533853546;5.061175901
UMW;546;1.049128374;1.195;4.798622927;4.534870063;5.062375791
UMW;597;0.886340454;1.205;4.804163945;4.539940351;5.068387538
TPL;658;0.79274021;1.207;4.805272148;4.540951956;5.069592341
UMW;473;1.124053444;1.208;4.80582625;4.541457452;5.070195048
UMW;515;0.547576413;1.211;4.807488555;4.542972718;5.072004392
TPL;1321;1.221325798;1.212;4.808042657;4.5434774;5.072607914
UMW;564;0.480041067;1.215;4.809704962;4.544990225;5.074419699
UMW;552;0.958396827;1.217;4.810813166;4.54599776;5.075628571
UMW;678;1.078118574;1.219;4.811921369;4.547004484;5.076838254
UMW;750;1.23103021;1.221;4.813029573;4.548010398;5.078048748
UMW;359;0.76917071;1.224;4.814691878;4.549517751;5.079866005
UMW;491;1.134374639;1.231;4.81857059;4.553027846;5.084113334
TPL;327;0.666611091;1.232;4.819124692;4.553528483;5.084720901
UMW;742;0.981240995;1.233;4.819678794;4.554028918;5.085328669
UMW;627;0.719660575;1.234;4.820232895;4.554529153;5.085936637
TPL;306;0.69360959;1.239;4.823003404;4.557027319;5.08897949
SAP;258;1.283747162;1.241;4.824111608;4.558025183;5.090198032
TPL;26;1.045836231;1.243;4.825219811;4.559022248;5.091417375
SAP;503;1.271675727;1.245;4.826328015;4.560018514;5.092637515
TPL;11;0.638593544;1.246;4.826882116;4.560516348;5.093247885
SAP;344;0.769170711;1.247;4.827436218;4.561013982;5.093858454
TPL;163;0.994617518;1.248;4.82799032;4.561511418;5.094469222
TPL;16;0.514576451;1.249;4.828544421;4.562008655;5.095080188
TPL;122;0.994617518;1.252;4.830206727;4.563499171;5.096914282
TPL;52;0.839926785;1.254;4.83131493;4.564491857;5.098138004
TPL;267;0.920317871;1.256;4.832423134;4.565483749;5.099362518
SAP;94;0.638593544;1.258;4.833531337;4.566474849;5.100587825
CPL;601;0.514576452;1.259;4.834085439;4.566970103;5.101200775
CPL;827;0.859266206;1.261;4.835193642;4.567960017;5.102427267
CPL;632;0.230251853;1.263;4.836301846;4.568949142;5.103654549
CPL;1265;0.859266207;1.266;4.837964151;4.570431353;5.10549695
CPL;164;0.547576413;1.268;4.839072355;4.571418509;5.1067262
CPL;528;0.230251853;1.269;4.839626456;4.571911793;5.10734112
CPL;292;0.69360959;1.27;4.840180558;4.57240488;5.107956236
CPL;369;0.792740211;1.272;4.841288762;4.573390467;5.109187057
CPL;746;0.230251853;1.273;4.841842863;4.573882966;5.109802761
CPL;538;0.365603164;1.275;4.842951067;4.574867378;5.111034756
CPL;640;0.958396827;1.277;4.84405927;4.575851007;5.112267533
CPL;465;0.579171687;1.278;4.844613372;4.57634253;5.112884215
CPL;1369;0.230251853;1.279;4.845167474;4.576833857;5.113501091
CPL;653;0.837746529;1.28;4.845721576;4.577324989;5.114118162
NPL;60;1.394756066;1.284;4.847937982;4.579287571;5.116588394
WMT;4;1.444598733;1.286;4.849046186;4.580267696;5.117824676
WMT;123;1.434894322;1.288;4.850154389;4.581247046;5.119061733
WMT;19;1.158926196;1.289;4.850708491;4.58173643;5.119680553
WMT;44;1.181187542;1.293;4.852924898;4.583692033;5.122157764
NPL;105;0.69360959;1.294;4.853479;4.584180451;5.122777549
NPL;29;0.859266207;1.296;4.854587203;4.585156708;5.124017699
NPL;52;1.259404755;1.299;4.856249509;4.586619651;5.125879366
WMT;74;1.283747162;1.305;4.859574119;4.589540353;5.129607885
WMT;8;1.289405433;1.307;4.860682323;4.590512389;5.130852256
NPL;62;1.341324603;1.309;4.861790526;4.591483661;5.132097391
NPL;23;1.153169995;1.31;4.862344628;4.591969011;5.132720244
NPL;169;0.744828304;1.318;4.866777442;4.595844964;5.137709919
WMT;82;1.415096431;1.319;4.867331543;4.596328605;5.138334482
WMT;45;1.012086015;1.32;4.867885645;4.596812056;5.138959235
NPL;59;1.463635081;1.33;4.873426663;4.601636195;5.14521713
NPL;162;0.744828303;1.341;4.879521782;4.60692109;5.152122473
TPL;814;1.181187542;1.342;4.880075884;4.607400417;5.15275135
TPL;122;0.90051998;1.351;4.885062799;4.611706016;5.158419582
NPL;52;1.10905542;1.352;4.885616901;4.612183492;5.15905031
NPL;108;0.443820376;1.353;4.886171003;4.612660784;5.159681221
TPL;528;0.680233068;1.355;4.887279206;4.613614816;5.160943597
NPL;17;1.029152902;1.36;4.890049715;4.615996682;5.164102747
NPL;33;0.994617518;1.363;4.89171202;4.617423606;5.166000435
NPL;2;0.90051998;1.367;4.893928427;4.619323616;5.168533238
NPL;97;0.792740211;1.369;4.895036631;4.620272529;5.169800732
NPL;16;0.939601471;1.37;4.895590732;4.620746713;5.170434751
NPL;39;0.976728052;1.374;4.897807139;4.622641638;5.17297264
NPL;63;0.744828304;1.378;4.900023546;4.624533671;5.175513421
NPL;159;1.093748138;1.384;4.903348157;4.62736632;5.179329993
NPL;55;1.10905542;1.389;4.906118665;4.629721933;5.182515398
NPL;44;0.547576413;1.39;4.906672767;4.63019252;5.183153014
TPL;21;1.062152864;1.394;4.908889174;4.632073088;5.185705261
NPL;215;1.045836231;1.395;4.909443276;4.632542785;5.186343766
TPL;153;0.859266207;1.396;4.909997378;4.633012306;5.18698245
NPL;11;0.815584379;1.399;4.911659683;4.634419804;5.188899562
NPL;4;1.029152903;1.405;4.914984293;4.637230033;5.192738554
NPL;264;0.920317871;1.415;4.920525311;4.641899707;5.199150915
TPL;19;0.994617518;1.425;4.926066328;4.646551971;5.205580686
NPL;102;1.138754457;1.435;4.931607346;4.651186991;5.212027701
NPL;266;0.609476993;1.445;4.937148363;4.655804933;5.218491793
TPL;63;0.709349619;1.454;4.942135279;4.659946618;5.224323939
NPL;55;0.609476993;1.462;4.946568093;4.663616717;5.229519469
NPL;820;0.487077867;1.464;4.947676296;4.664532576;5.230820017
NPL;171;0.837746529;1.471;4.951555008;4.667732865;5.235377152
TPL;74;0.704139935;1.473;4.952663212;4.668645748;5.236680675
NPL;55;0.92031787;1.482;4.957650127;4.672745607;5.242554648
NPL;64;0.769170711;1.491;4.962637043;4.676832276;5.24844181
NPL;305;0.842100658;1.501;4.968178061;4.681357701;5.25499842
TPL;126;0.579171687;1.509;4.972610875;4.684966541;5.260255208
TPL;59;0.79274021;1.518;4.97759779;4.689014387;5.266181194
SPL;20;1.21478499;1.527;4.982584706;4.69304954;5.272119871
SPL;200;0.744828303;;;;
NPL;12;1.283747161;;;;
SPL;563;0.815584379;;;;
SPL;85;0.638593544;;;;
SPL;65;0.994617518;;;;
NPL;245;0.976728052;;;;
SPL;220;1.045836231;;;;
SPL;154;1.045836231;;;;
SPL;237;0.666611092;;;;
SPL;426;1.051286322;;;;
NPL;145;0.880179615;;;;
SPL;355;1.109055421;;;;
NPL;87;0.837746529;;;;
TPL;310;0.514576452;;;;
NAP;510;0.976728052;;;;
NAP;145;0.744828304;;;;
NAP;282;1.093748138;;;;
NAP;383;1.137297387;;;;
NAP;1212;0.837746529;;;;
NAP;504;1.012086015;;;;
NAP;226;0.79274021;;;;
NAP;594;0.880179615;;;;
NAP;492;0.880179615;;;;
NAP;24;0.994617518;;;;
SAP;1214;0.69360959;;;;
SAP;477;1.062152864;;;;
SAP;490;1.138754457;;;;
SAP;218;1.029152902;;;;
SAP;1424;0.859266207;;;;
SAP;436;1.167310935;;;;
WMT;71;1.363160791;;;;
WMT;37;1.295625445;;;;
WMT;125;1.363160791;;;;
WMT;510;1.509193969;;;;
WMT;14;1.295625445;;;;
WMT;383;1.283747162;;;;
SPL;154;1.006888489;;;;
XER;1;1.181187542;;;;
XER;562;1.491304503;;;;
XER;167;1.271675727;;;;
XER;27;1.254439004;;;;
XER;25;1.181187542;;;;
XER;46;1.283747162;;;;
XER;32;1.258166428;;;;
XER;3;1.341324603;;;;
XER;49;1.304993101;;;;
XER;25;1.029152902;;;;
XER;28;0.787566831;;;;
XER;15;1.388716941;;;;
XER;102;1.045836231;;;;
XER;6;0.815584379;;;;
XER;50;0.815584379;;;;
NAP;272;1.35232298;;;;
NAP;123;0.719660575;;;;
NAP;124;1.194809519;;;;
NAP;106;1.193458514;;;;
NAP;199;1.341324603;;;;
NAP;92;0.666611091;;;;
NAP;308;1.259404755;;;;
NAP;216;0.744828303;;;;
NAP;41;0.994617518;;;;
NAP;520;0.815584379;;;;
NAP;792;1.138754457;;;;
NAP;501;1.415096431;;;;
NAP;694;0.792740211;;;;
NAP;531;1.350501196;;;;
NAP;450;1.404995909;;;;
NAP;726;1.444598733;;;;
NAP;409;0.994617518;;;;
NAP;513;0.939601472;;;;
NAP;603;0.815584379;;;;
NAP;632;1.029152902;;;;
NAP;992;0.90051998;;;;
NAP;330;1.234237026;;;;
NAP;486;0.69360959;;;;
NAP;578;1.240609399;;;;
NAP;285;1.370299086;;;;
NAP;537;1.138754457;;;;
NAP;217;1.425061371;;;;
NAP;1177;1.341324603;;;;
NAP;387;1.434894322;;;;
NAP;1112;0.764365665;;;;
TPL;770;0.939601472;;;;
NAP;663;1.10905542;;;;
NAP;112;1.251943618;;;;
SAP;524;0.729830281;;;;
SAP;527;0.79274021;;;;
SAP;492;0.609476993;;;;
TPL;687;0.69360959;;;;
SAP;793;0.79274021;;;;
SAP;686;0.69360959;;;;
TPL;530;0.815584379;;;;
NAP;666;0.69360959;;;;
TPL;829;1.116592307;;;;
TPL;615;0.698893434;;;;
TPL;946;1.062152864;;;;
NAP;809;1.012086015;;;;
TPL;739;0.79274021;;;;
NAP;461;1.113586728;;;;
SPL;391;0.514576451;;;;
SPL;461;0.958396827;;;;
SPL;104;1.10905542;;;;
TPL;55;0.958396827;;;;
SPL;783;0.230251853;;;;
SPL;63;0.365603164;;;;
SPL;15;0.443820376;;;;
SPL;573;0.514576452;;;;
SPL;482;0.994617518;;;;
SPL;64;0.769170711;;;;
SPL;349;0.880179615;;;;
SPL;302;0.579171687;;;;
SPL;649;1.181187542;;;;
WMT;80;0.920317871;;;;
WMT;88;1.07336481;;;;
WMT;14;0.666611091;;;;
WMT;120;1.124053444;;;;
WMT;48;0.769170711;;;;
WMT;109;1.045836231;;;;
WMT;109;0.715667758;;;;
WMT;109;0.69360959;;;;
WMT;41;0.76917071;;;;
WMT;141;0.719660575;;;;
WMT;69;0.638593544;;;;
WMT;44;1.124053444;;;;
WMT;102;0.638593544;;;;
WMT;11;0.875006236;;;;
WMT;10;0.976728052;;;;
WMT;16;0.779363688;;;;
WMT;90;0.939601472;;;;
WMT;18;1.246927538;;;;
WMT;8;0.930022282;;;;
WMT;45;0.859266207;;;;
WMT;18;1.124053444;;;;
WMT;83;0.744828304;;;;
WMT;128;1.062152864;;;;
NAP;248;1.153169995;;;;
SAP;196;1.219151926;;;;
SAP;224;1.167310935;;;;
NAP;258;0.719660575;;;;
SAP;732;1.246927538;;;;
SAP;124;1.137297386;;;;
NAP;158;0.939601471;;;;
NAP;1335;0.638593544;;;;
TPL;178;0.638593544;;;;
TPL;148;0.443820376;;;;
TPL;38;0.994617518;;;;
SAP;509;0.930022282;;;;
TPL;549;0.920317871;;;;
TPL;829;0.815584379;;;;
TPL;854;0.69360959;;;;
TPL;611;0.90051998;;;;
TPL;479;0.976728052;;;;
TPL;217;0.815584379;;;;
TPL;114;0.638593544;;;;
TPL;263;0.480041067;;;;
TPL;163;0.547576413;;;;
CPL;583;1.307316662;;;;
UMW;519;0.958396827;;;;
UMW;503;0.90051998;;;;
UMW;213;1.259404755;;;;
UMW;273;1.259404755;;;;
UMW;306;1.318826611;;;;
SAP;220;1.078118573;;;;
SAP;90;0.480041067;;;;
NPL;540;0.443820376;;;;
NPL;385;0.638593544;;;;
TPL;1216;1.045836231;;;;
TPL;564;1.137297387;;;;
SPL;251;0.480041067;;;;
SPL;47;0.27816376;;;;
SPL;12;0.79274021;;;;
SPL;5;1.093748138;;;;
SPL;120;1.208186041;;;;
SPL;201;1.35232298;;;;
XER;39;1.208186041;;;;
XER;237;0.880179615;;;;
SPL;207;1.208186041;;;;
NAP;238;1.307316662;;;;
NAP;237;1.194809519;;;;
NAP;31;0.744828303;;;;
TPL;527;0.837746529;;;;
TPL;204;0.983935651;;;;
TPL;578;0.579171687;;;;
NPL;55;0.480041066;;;;
NPL;200;0.994617518;;;;
NPL;22;0.976728052;;;;
NPL;19;1.029152902;;;;
NPL;3;1.093748138;;;;
NPL;15;0.514576451;;;;
NPL;114;1.33016083;;;;
WMT;15;1.221325798;;;;
NPL;17;0.609476993;;;;
NPL;20;1.234237026;;;;
NPL;30;0.638593544;;;;
TPL;26;1.045836231;;;;
NPL;26;1.208186041;;;;
NPL;13;1.194809519;;;;
NPL;11;1.138754457;;;;
NPL;6;0.837746529;;;;
TPL;117;1.404995909;;;;
NPL;92;0.994617518;;;;
NPL;22;1.099908978;;;;
NPL;19;0.880179614;;;;
NPL;38;1.045836231;;;;
NPL;2;0.609476993;;;;
SAP;450;0.976728052;;;;
SAP;800;1.167310935;;;;
SAP;928;0.815584379;;;;
SAP;685;1.517979597;;;;
SAP;559;1.093748138;;;;
SAP;467;1.116592307;;;;
SAP;1111;0.744828304;;;;
SAP;95;1.295625445;;;;
SAP;1045;1.124053444;;;;
CPL;631;0.514576452;;;;
SAP;673;0.815584379;;;;
SAP;75;0.27816376;;;;
SAP;1065;0.900519981;;;;
SAP;806;1.045836231;;;;
SAP;567;1.234237026;;;;
SAP;1377;0.837746529;;;;
SAP;1053;0.976728052;;;;
SAP;314;0.92031787;;;;
SAP;147;1.153169995;;;;
CPL;536;0.301007928;;;;
CPL;530;0.90051998;;;;
CPL;676;0.27816376;;;;
CPL;949;0.230251853;;;;
CPL;528;0.76917071;;;;
CPL;1197;0.514576451;;;;
CPL;921;0.230251853;;;;
CPL;176;1.194809519;;;;
SPL;327;1.425061371;;;;
SPL;508;1.39372427;;;;
CPL;156;1.240609399;;;;
SPL;692;1.239339293;;;;
SPL;253;1.124053444;;;;
SPL;816;1.271675727;;;;
CPL;14;1.283747162;;;;
CPL;841;1.138754457;;;;
SPL;711;1.138754456;;;;
SPL;558;1.249439814;;;;
SPL;109;1.318826611;;;;
SPL;65;0.994617518;;;;
SPL;688;0.76917071;;;;
SPL;350;1.029152902;;;;
CPL;203;1.124053444;;;;
SPL;7;1.045836231;;;;
CPL;511;0.837746529;;;;
SPL;622;0.719660575;;;;
CPL;962;0.778688493;;;;
SPL;209;1.394756066;;;;
XER;18;1.029152902;;;;
WMT;362;1.231030209;;;;
WMT;249;1.491304503;;;;
XER;7;1.207080491;;;;
WMT;110;1.138754457;;;;
XER;66;0.815584379;;;;
XER;2;0.90051998;;;;
WMT;14;1.517979597;;;;
WMT;68;1.444598733;;;;
WMT;577;1.271675727;;;;
XER;30;0.815584379;;;;
XER;103;1.307316662;;;;
WMT;55;1.167310935;;;;
SAP;72;1.181187542;;;;
SAP;241;1.029152902;;;;
SAP;308;1.167310935;;;;
SAP;9;0.994617518;;;;
SAP;346;1.295625445;;;;
SAP;537;1.434894322;;;;
SAP;461;1.259404755;;;;
SAP;167;1.454177922;;;;
SAP;292;1.389582687;;;;
SAP;747;1.318826611;;;;
SAP;195;1.33016083;;;;
SAP;372;1.425061371;;;;
SAP;182;0.920317871;;;;
NAP;78;0.792740211;;;;
NAP;250;1.029152902;;;;
NAP;214;1.012086015;;;;
NAP;32;1.454177922;;;;
NAP;125;1.271675727;;;;
NAP;327;1.295625445;;;;
NAP;225;0.994617518;;;;
NAP;28;1.045836231;;;;
NAP;74;0.976728052;;;;
NAP;209;1.042292659;;;;
NAP;510;0.69360959;;;;
NAP;169;0.666611092;;;;
NAP;841;0.696256213;;;;
NAP;74;0.563542123;;;;
NAP;339;0.837746529;;;;
NAP;26;0.672089912;;;;
WMT;1;0.79274021;;;;
WMT;5;1.271675727;;;;
WMT;38;1.124053444;;;;
XER;20;1.010357547;;;;
WMT;18;0.443820376;;;;
WMT;29;0.744828304;;;;
XER;15;0.90051998;;;;
WMT;9;0.709349619;;;;
UMW;495;0.859266207;;;;
UMW;850;0.618332488;;;;
UMW;782;0.609476993;;;;
UMW;561;0.837746529;;;;
UMW;154;1.065373593;;;;
UMW;672;0.98572667;;;;
UMW;501;0.931948034;;;;
UMW;208;0.92031787;;;;
TPL;354;0.773944855;;;;
UMW;559;0.480041067;;;;
UMW;595;1.012086015;;;;
UMW;535;1.078118573;;;;
UMW;514;0.808804634;;;;
UMW;497;0.837746529;;;;
UMW;637;0.880179614;;;;
UMW;365;1.062152864;;;;
SAP;545;1.062152864;;;;
SAP;221;1.078118574;;;;
SAP;536;1.167310935;;;;
SAP;195;1.045836231;;;;
SAP;509;1.029152903;;;;
SAP;150;1.167310935;;;;
SAP;537;0.976728052;;;;
SAP;152;1.167310935;;;;
SAP;267;1.221325798;;;;
SAP;406;1.234237026;;;;
SAP;505;1.35232298;;;;
XER;380;1.283747161;;;;
NPL;35;1.029152903;;;;
SPL;489;1.10905542;;;;
NPL;16;1.029152902;;;;
XER;481;0.744828303;;;;
NPL;95;0.92031787;;;;
SAP;78;0.40574142;;;;
SAP;1037;1.045836231;;;;
SAP;641;1.138754457;;;;
SAP;276;0.719660575;;;;
SAP;108;1.10905542;;;;
SAP;306;1.012086015;;;;
SAP;69;0.837746529;;;;
SAP;519;1.029152902;;;;
SAP;63;0.837746529;;;;
CPL;186;0.90051998;;;;
SAP;479;1.078118573;;;;
SAP;49;1.194809519;;;;
CPL;68;0.92031787;;;;
CPL;156;0.859266207;;;;
SAP;383;0.994617518;;;;
CPL;511;0.920317871;;;;
CPL;490;0.958396827;;;;
CPL;75;1.029152902;;;;
SAP;517;1.194809519;;;;
CPL;30;1.029152902;;;;
CPL;464;0.79274021;;;;
CPL;536;1.124053444;;;;
CPL;78;0.939601472;;;;
SAP;128;1.062152864;;;;
CPL;192;0.994617518;;;;
CPL;89;1.109055421;;;;
CPL;222;0.939601471;;;;
CPL;24;0.92031787;;;;
SAP;519;0.90051998;;;;
SAP;282;1.093748138;;;;
CPL;507;1.167310935;;;;
CPL;442;0.92031787;;;;
SAP;502;0.579171687;;;;
CPL;529;0.719660575;;;;
SAP;545;0.90051998;;;;
SAP;147;1.373842658;;;;
CPL;155;1.029152902;;;;
CPL;535;0.815584379;;;;
SAP;139;1.138754457;;;;
CPL;92;0.958396827;;;;
CPL;41;0.880179615;;;;
CPL;541;1.153169995;;;;
CPL;222;0.976728052;;;;
SAP;73;0.301007928;;;;
SAP;324;0.547576413;;;;
CPL;121;0.69360959;;;;
CPL;574;0.837746529;;;;
SAP;43;1.259404755;;;;
CPL;505;1.029152902;;;;
CPL;492;0.976728052;;;;
SAP;73;0.719660575;;;;
CPL;510;0.609476993;;;;
CPL;498;0.69360959;;;;
SAP;549;0.920317871;;;;
SAP;514;0.976728052;;;;
SAP;273;0.747298778;;;;
SAP;78;1.384373003;;;;
SAP;1;0.79274021;;;;
SAP;224;0.547576413;;;;
CPL;101;1.138754457;;;;
CPL;78;0.859266207;;;;
CPL;18;0.393926153;;;;
CPL;80;0.958396827;;;;
SAP;56;0.837746529;;;;
SAP;16;0.815584379;;;;
SAP;9;1.194809519;;;;
SAP;244;0.547576413;;;;
CPL;457;0.514576451;;;;
CPL;59;1.143590805;;;;
SAP;141;1.153169995;;;;
SAP;411;1.48219547;;;;
CPL;238;1.029152902;;;;
CPL;29;0.815584379;;;;
SAP;136;1.384373003;;;;
SAP;11;0.859266207;;;;
SAP;34;1.208186041;;;;
CPL;4;0.179033139;;;;
SAP;191;1.181187542;;;;
CPL;35;1.062152864;;;;
SAP;58;1.051997071;;;;
SAP;650;1.234237026;;;;
SAP;352;0.680233068;;;;
CPL;429;0.95093569;;;;
SAP;247;0.920317871;;;;
SAP;364;0.92031787;;;;
SAP;21;0.609476993;;;;
CPL;14;0.480041066;;;;
SAP;117;0.90051998;;;;
CPL;55;0.939601472;;;;
SAP;441;1.104714023;;;;
XER;503;0.90051998;;;;
WMT;99;1.029152902;;;;
XER;44;1.317683614;;;;
XER;65;0.769170711;;;;
XER;1;0.958396827;;;;
XER;70;0.939601472;;;;
XER;21;1.221325798;;;;
XER;46;1.029152903;;;;
XER;2;0.939601471;;;;
XER;1;0.769170711;;;;
XER;1;1.10905542;;;;
XER;113;0.90051998;;;;
XER;41;0.609476993;;;;
XER;21;1.029152903;;;;
WMT;24;0.960250454;;;;
WMT;46;1.261052651;;;;
XER;221;1.234237026;;;;
WMT;40;1.367451999;;;;
WMT;80;0.792740211;;;;
XER;54;1.208186041;;;;
WMT;7;0.880179615;;;;
WMT;35;1.045836231;;;;
WMT;32;1.078118574;;;;
XER;113;1.394756066;;;;
XER;1;1.153169995;;;;
WMT;127;0.815584379;;;;
WMT;19;1.208186041;;;;
XER;245;1.248184739;;;;
WMT;21;0.443820376;;;;
SPL;27;1.246927538;;;;
SPL;44;0.547576413;;;;
SPL;162;0.90051998;;;;
SPL;19;0.815584379;;;;
SPL;581;0.79274021;;;;
XER;76;0.792740211;;;;
SPL;501;0.792740211;;;;
XER;27;0.514576452;;;;
WMT;76;0.815584379;;;;
SPL;59;0.958396827;;;;
XER;120;0.815584379;;;;
WMT;145;1.012086015;;;;
XER;52;0.744828304;;;;
WMT;38;0.90051998;;;;
WMT;501;0.837746529;;;;
SPL;77;0.930022282;;;;
WMT;4;0.792740211;;;;
XER;2;0.443820376;;;;
SPL;250;0.90051998;;;;
WMT;96;1.10905542;;;;
XER;268;1.124053444;;;;
WMT;33;0.962099463;;;;
WMT;95;1.045836231;;;;
SPL;192;1.153169995;;;;
SPL;15;0.579171687;;;;
NAP;162;1.078118574;;;;
NAP;550;1.208186041;;;;
NAP;304;1.269237705;;;;
NAP;560;0.994617518;;;;
NAP;105;1.029152902;;;;
NAP;484;1.022373158;;;;
NAP;134;1.078118574;;;;
NAP;176;1.394756066;;;;
NAP;57;1.124053444;;;;
NAP;370;1.221325798;;;;
NAP;58;1.10905542;;;;
NAP;550;1.124053444;;;;
NAP;612;1.062152864;;;;
NAP;231;0.837746529;;;;
SAP;483;1.109055421;;;;
CPL;56;0.958396827;;;;
SAP;238;1.167310935;;;;
CPL;8;1.045836231;;;;
CPL;14;0.90051998;;;;
CPL;18;0.90051998;;;;
CPL;45;1.295625445;;;;
CPL;1868;1.194809519;;;;
CPL;66;1.221325798;;;;
CPL;38;1.181187542;;;;
CPL;272;1.295625445;;;;
CPL;113;1.208186041;;;;
CPL;148;0.94905863;;;;
CPL;6;1.404995909;;;;
CPL;522;0.880179615;;;;
CPL;827;1.138754457;;;;
CPL;42;0.230251853;;;;
CPL;21;1.194809519;;;;
CPL;1;1.307316662;;;;
CPL;28;1.029152902;;;;
SAP;224;0.880179615;;;;
CPL;111;1.33016083;;;;
CPL;25;1.283747162;;;;
CPL;60;0.908502604;;;;
CPL;127;0.958396827;;;;
CPL;106;0.958396827;;;;
CPL;69;0.994617518;;;;
CPL;88;0.837746529;;;;
CPL;1812;1.221325798;;;;
SAP;122;1.194809519;;;;
CPL;183;1.124053444;;;;
CPL;198;1.221325798;;;;
CPL;10;1.08284209;;;;
SAP;288;1.045836231;;;;
CPL;13;1.062152864;;;;
SAP;188;0.958396827;;;;
SAP;392;1.078118573;;;;
SAP;123;1.181187542;;;;
SAP;415;1.012086015;;;;
CPL;114;1.271675727;;;;
SAP;461;0.939601471;;;;
SAP;59;1.318826611;;;;
SAP;254;1.194809519;;;;
SAP;31;0.76917071;;;;
TPL;105;1.029152902;;;;
TPL;22;0.815584379;;;;
TPL;229;0.40574142;;;;
TPL;157;1.012086015;;;;
TPL;500;0.666611091;;;;
TPL;312;0.638593544;;;;
UMW;519;0.179033139;;;;
TPL;194;0.579171687;;;;
TPL;563;0.980340599;;;;
UMW;587;1.029152902;;;;
TPL;136;0.609476993;;;;
TPL;487;0.480041067;;;;
UMW;657;0.90051998;;;;
TPL;297;0.365603164;;;;
TPL;289;0.920317871;;;;
UMW;601;0.719660575;;;;
TPL;194;0.365603164;;;;
TPL;191;0.405741419;;;;
TPL;557;0.638593544;;;;
TPL;510;0.706749347;;;;
UMW;402;1.062152864;;;;
TPL;6;0.92031787;;;;
TPL;3;1.062152864;;;;
XER;34;1.194809519;;;;
WMT;27;1.012086015;;;;
WMT;11;0.815584379;;;;
WMT;59;1.153169995;;;;
XER;26;1.194809519;;;;
WMT;49;1.129968829;;;;
WMT;16;0.994617518;;;;
XER;11;1.062152864;;;;
WMT;45;0.90051998;;;;
TPL;73;0.861384259;;;;
TPL;73;0.744828304;;;;
TPL;64;0.666611091;;;;
TPL;1392;0.514576452;;;;
TPL;133;0.958396827;;;;
TPL;3;0.514576451;;;;
TPL;297;0.920317871;;;;
TPL;401;0.815584379;;;;
CPL;417;0.443820376;;;;
TPL;266;0.976728052;;;;
TPL;1608;1.093748138;;;;
TPL;612;1.055203887;;;;
TPL;30;0.579171687;;;;
UMW;538;0.744828304;;;;
TPL;130;0.638593544;;;;
TPL;5;0.719660575;;;;
TPL;107;0.837746529;;;;
TPL;8;0.323170078;;;;
TPL;577;0.880179615;;;;
TPL;151;0.579171687;;;;
TPL;58;0.579171687;;;;
TPL;720;0.769170711;;;;
UMW;410;0.844268184;;;;
TPL;1;0.323170078;;;;
TPL;609;0.958396827;;;;
TPL;1355;0.769170711;;;;
TPL;90;0.744828304;;;;
SPL;433;1.109055421;;;;
SPL;41;1.124053444;;;;
TPL;20;0.815584379;;;;
TPL;15;0.744828303;;;;
SPL;92;0.90051998;;;;
SPL;36;0.719660575;;;;
SPL;149;0.744828304;;;;
TPL;21;0.609476993;;;;
SPL;2428;0.769170711;;;;
SPL;562;0.769170711;;;;
TPL;344;1.093748138;;;;
SPL;432;1.153169995;;;;
TPL;185;0.920317871;;;;
TPL;247;0.837746529;;;;
SPL;16;0.939601472;;;;
SPL;106;0.514576452;;;;
SPL;275;1.078118574;;;;
TPL;25;0.792740211;;;;
TPL;600;0.880179615;;;;
TPL;412;0.859266207;;;;
SPL;546;0.880179615;;;;
SPL;24;1.33016083;;;;
SPL;2234;1.138754457;;;;
TPL;56;0.69360959;;;;
SPL;401;0.939601472;;;;
SPL;205;0.79274021;;;;
TPL;422;0.880179615;;;;
SAP;309;0.92031787;;;;
SAP;194;0.859266206;;;;
SAP;149;0.976728052;;;;
SAP;559;1.124053444;;;;
SAP;624;1.062152864;;;;
SAP;447;1.295625445;;;;
SAP;237;1.029152903;;;;
SAP;186;0.920317871;;;;
SAP;220;1.012086015;;;;
SAP;163;1.062152864;;;;
SAP;523;0.815584379;;;;
SAP;165;0.76917071;;;;
SAP;637;0.79274021;;;;
TPL;10;1.109055421;;;;
SAP;132;0.69360959;;;;
SAP;727;0.976728052;;;;
SAP;567;0.880179614;;;;
SAP;437;0.769170711;;;;
SAP;123;0.69360959;;;;
SAP;532;0.69360959;;;;
CPL;422;0.064595236;;;;
SAP;410;0.994617518;;;;
SAP;510;1.145997215;;;;
SAP;379;1.153169995;;;;
SAP;594;1.181187542;;;;
SAP;542;1.283747162;;;;
TPL;8;1.181187542;;;;
SAP;494;0.958396827;;;;
TPL;368;0.744828304;;;;
CPL;14;0.480041066;;;;
CPL;609;0.92031787;;;;
CPL;244;0.837746529;;;;
CPL;496;0.744828304;;;;
CPL;1021;0.323170078;;;;
CPL;451;0.958396827;;;;
CPL;155;0.994617518;;;;
CPL;29;0.638593544;;;;
CPL;652;1.194809519;;;;
CPL;1441;1.221325798;;;;
CPL;206;0.514576451;;;;
CPL;155;1.062152864;;;;
CPL;520;1.221325798;;;;
CPL;31;0.994617518;;;;
CPL;509;0.514576451;;;;
CPL;273;0.939601471;;;;
CPL;569;0.79274021;;;;
CPL;625;0.69360959;;;;
CPL;368;0.744828303;;;;
NAP;158;0.40574142;;;;
NAP;541;1.221325798;;;;
NAP;494;0.90051998;;;;
NAP;24;0.769170711;;;;
NAP;5;0.908502604;;;;
NAP;389;1.221325798;;;;
NAP;333;0.609476993;;;;
NAP;33;1.029152902;;;;
NAP;43;0.920317871;;;;
NAP;58;0.579171687;;;;
CPL;111;0.859266207;;;;
SAP;195;0.769170711;;;;
SAP;298;1.012086015;;;;
SAP;459;1.124053444;;;;
SAP;456;1.029152903;;;;
SAP;115;0.958396827;;;;
CPL;65;0.859266207;;;;
SAP;497;1.045836231;;;;
SAP;542;0.976728052;;;;
CPL;236;0.880179614;;;;
SAP;170;1.221325798;;;;
SAP;18;0.480041067;;;;
CPL;270;1.045836231;;;;
UMW;418;0.859266207;;;;
UMW;286;1.153169995;;;;
UMW;97;1.153169995;;;;
UMW;104;0.920317871;;;;
UMW;126;1.093748138;;;;
UMW;109;1.181187542;;;;
UMW;476;0.976728052;;;;
UMW;167;0.744828303;;;;
UMW;61;0.880179615;;;;
UMW;597;0.744828304;;;;
UMW;232;0.90051998;;;;
UMW;425;1.124053444;;;;
UMW;202;1.259404755;;;;
TPL;224;0.323170078;;;;
TPL;240;0.365603164;;;;
UMW;51;0.95093569;;;;
UMW;112;0.880179615;;;;
UMW;86;1.121077981;;;;
UMW;52;0.815584379;;;;
UMW;16;1.078118574;;;;
UMW;18;0.76917071;;;;
UMW;5;0.976728052;;;;
UMW;45;1.029152902;;;;
UMW;536;0.815584379;;;;
TPL;30;0.064595236;;;;
UMW;32;0.480041066;;;;
UMW;59;0.547576413;;;;
UMW;42;0.863496286;;;;
UMW;1;0.393926153;;;;
TPL;489;0.547576413;;;;
UMW;114;0.719660575;;;;
UMW;27;1.029152902;;;;
UMW;774;1.045836231;;;;
UMW;50;1.221325798;;;;
UMW;79;1.232955961;;;;
UMW;94;1.153169995;;;;
TPL;344;0.666611091;;;;
UMW;23;1.062152864;;;;
UMW;3;1.109055421;;;;
UMW;1560;1.275317812;;;;
UMW;39;1.194809519;;;;
UMW;1112;0.815584379;;;;
UMW;40;0.230251853;;;;
UMW;349;0.744828303;;;;
UMW;12;0.859266207;;;;
UMW;49;0.837746529;;;;
UMW;123;0.79274021;;;;
UMW;110;1.318826611;;;;
UMW;118;0.958396827;;;;
TPL;184;0.958396827;;;;
TPL;12;0.547576413;;;;
UMW;8;0.719660575;;;;
UMW;63;0.947176812;;;;
UMW;600;0.40574142;;;;
UMW;42;0.230251853;;;;
UMW;536;1.029152902;;;;
UMW;98;1.062152864;;;;
UMW;448;0.837746529;;;;
UMW;26;1.138754457;;;;
TPL;271;0.443820376;;;;
UMW;78;0.792740211;;;;
UMW;83;1.295625445;;;;
UMW;394;0.815584379;;;;
TPL;566;0.90051998;;;;
UMW;475;0.859266207;;;;
TPL;182;1.047484127;;;;
TPL;58;0.976728052;;;;
TPL;154;0.880179615;;;;
SAP;499;0.90051998;;;;
TPL;31;0.90051998;;;;
SAP;256;0.799667572;;;;
SAP;111;1.062152864;;;;
SAP;465;0.69360959;;;;
SAP;89;0.609476993;;;;
SAP;356;0.976728052;;;;
TPL;112;0.514576451;;;;
TPL;63;0.514576451;;;;
SAP;1;1.062152864;;;;
TPL;128;0.638593544;;;;
SAP;31;0.90051998;;;;
SAP;371;1.062152864;;;;
TPL;106;0.547576413;;;;
TPL;62;1.012086015;;;;
TPL;22;0.323170078;;;;
TPL;280;1.084409941;;;;
TPL;138;0.79041665;;;;
SAP;236;0.976728052;;;;
CPL;194;0.547576413;;;;
CPL;106;1.029152902;;;;
CPL;18;0.920317871;;;;
CPL;201;0.888382758;;;;
CPL;1;1.295625445;;;;
CPL;102;1.307316662;;;;
CPL;60;0.939601471;;;;
CPL;523;1.26064102;;;;
CPL;15;1.045836231;;;;
CPL;32;1.259404755;;;;
CPL;88;1.246927538;;;;
CPL;266;0.76917071;;;;
CPL;180;1.221325798;;;;
CPL;138;1.095678898;;;;
CPL;118;0.939601471;;;;
CPL;166;1.208186041;;;;
CPL;12;1.153169995;;;;
CPL;226;1.062152864;;;;
CPL;88;0.744828304;;;;
CPL;166;0.988277796;;;;
CPL;84;1.109055421;;;;
CPL;51;1.295625445;;;;
CPL;5;1.093748138;;;;
NPL;20;0.837746529;;;;
WMT;98;1.295625445;;;;
NPL;89;1.194809519;;;;
WMT;216;1.271675727;;;;
NPL;217;0.958396827;;;;
NPL;87;0.744828303;;;;
NPL;262;0.79274021;;;;
NPL;112;1.234237026;;;;
NPL;277;0.958396827;;;;
NPL;41;0.880179615;;;;
NPL;223;1.271675727;;;;
NPL;158;0.976728052;;;;
NPL;128;1.167310935;;;;
NPL;74;1.029152902;;;;
NPL;144;1.062152864;;;;
NPL;160;1.045836231;;;;
NPL;19;0.939601472;;;;
WMT;22;1.283747162;;;;
NPL;50;1.259404755;;;;
NPL;43;1.384373003;;;;
NPL;35;0.994617518;;;;
NPL;94;1.259404755;;;;
NPL;139;1.283747161;;;;
NPL;7;0.939601472;;;;
NPL;84;1.181187542;;;;
NPL;12;0.79274021;;;;
SAP;107;1.045836231;;;;
SAP;6;0.792740211;;;;
SAP;576;0.638593544;;;;
SAP;42;1.167310935;;;;
CPL;44;0.90051998;;;;
SAP;71;0.92031787;;;;
SAP;97;1.062152864;;;;
SAP;12;0.579171687;;;;
SAP;536;1.48219547;;;;
SAP;10;0.958396827;;;;
CPL;106;1.295625445;;;;
CPL;126;1.295625445;;;;
SAP;47;1.217408233;;;;
SAP;46;0.994617518;;;;
SAP;120;1.138754457;;;;
CPL;205;0.769170711;;;;
SAP;21;1.167310935;;;;
CPL;119;1.283747161;;;;
CPL;159;1.194809519;;;;
SAP;122;1.10905542;;;;
CPL;132;1.045836231;;;;
CPL;86;1.27974512;;;;
SAP;452;0.859266207;;;;
SAP;108;1.045836231;;;;
SAP;99;1.208186041;;;;
CPL;473;1.138754457;;;;
SAP;24;1.318826611;;;;
CPL;544;1.463635081;;;;
SAP;60;1.118090545;;;;
SAP;115;1.259404755;;;;
SAP;150;0.40574142;;;;
CPL;122;1.027463762;;;;
SAP;51;1.045836231;;;;
SAP;59;0.902523698;;;;
SAP;437;1.012086015;;;;
SAP;34;0.815584379;;;;
SAP;254;1.181187542;;;;
SAP;420;1.167310935;;;;
SAP;459;0.976728052;;;;
CPL;91;1.062152864;;;;
NPL;66;0.514576451;;;;
TPL;670;0.769170711;;;;
TPL;420;1.045836231;;;;
TPL;47;0.69360959;;;;
TPL;405;1.029152903;;;;
NPL;104;0.880179615;;;;
NPL;80;0.719660575;;;;
NPL;67;0.69360959;;;;
NPL;51;0.443820376;;;;
NPL;186;0.514576452;;;;
NPL;21;0.76917071;;;;
NPL;68;0.124017093;;;;
NPL;18;0.859266207;;;;
NPL;5;0.769170711;;;;
TPL;165;1.271675727;;;;
NPL;83;0.815584379;;;;
NPL;696;0.837746529;;;;
NPL;103;0.579171687;;;;
NPL;29;0.939601472;;;;
NPL;11;0.719660575;;;;
NPL;25;0.480041066;;;;
NPL;7;0.859266207;;;;
NPL;109;0.719660575;;;;
SPL;37;0.579171687;;;;
TPL;38;0.880179615;;;;
SPL;119;0.40574142;;;;
SPL;746;0.719660575;;;;
TPL;36;0.514576452;;;;
NPL;121;0.815584379;;;;
SPL;407;0.69360959;;;;
SPL;33;0.666611091;;;;
SPL;13;1.062152864;;;;
TPL;21;0;;;;
TPL;264;0.815584379;;;;
TPL;318;0.609476993;;;;
SPL;224;0.323170078;;;;
SPL;935;0.815584379;;;;
SPL;43;0.837746529;;;;
SPL;24;0.880179614;;;;
SPL;36;0.480041067;;;;
SPL;674;0.064595236;;;;
SPL;72;0.443820376;;;;
SPL;13;0.579171687;;;;
NPL;552;0.40574142;;;;
TPL;56;0.179033139;;;;
SPL;2;0.609476993;;;;
SPL;7;0.815584379;;;;
SPL;449;0.514576451;;;;
SPL;56;0.638593544;;;;
NAP;95;1.444598733;;;;
NAP;74;1.208186041;;;;
NAP;15;1.194809519;;;;
NAP;11;1.153169995;;;;
NAP;107;0.976728052;;;;
CPL;115;1.425061371;;;;
SAP;206;1.093748138;;;;
SAP;49;0.480041067;;;;
SAP;185;1.078118573;;;;
SAP;231;0.880179615;;;;
SAP;131;1.153169995;;;;
SAP;570;1.0678944;;;;
SAP;10;0.994617518;;;;
SPL;160;1.078118573;;;;
WMT;102;0.939601471;;;;
XER;4;1.153169995;;;;
WMT;17;1.078118574;;;;
XER;27;0.365603164;;;;
NAP;51;1.304993101;;;;
NAP;161;1.153169995;;;;
NAP;284;1.153169995;;;;
NAP;202;1.179811496;;;;
NAP;201;1.045836231;;;;
NAP;112;1.029152902;;;;
NAP;374;1.093748138;;;;
NAP;66;1.153169995;;;;
SAP;72;1.208186041;;;;
NAP;621;0.939601471;;;;
NAP;251;1.093748138;;;;
NAP;72;1.434894322;;;;
SAP;470;0.79274021;;;;
NAP;378;1.078118574;;;;
SAP;95;0.69360959;;;;
SAP;391;0.958396827;;;;
SAP;312;0.880179615;;;;
NAP;216;0.815584379;;;;
NAP;1250;1.012086015;;;;
SAP;383;1.221325798;;;;
NAP;153;0.991073946;;;;
NAP;722;0.792740211;;;;
NAP;2;0.744828303;;;;
SAP;584;0.958396827;;;;
TPL;72;0.994617518;;;;
TPL;103;0.994617518;;;;
NAP;836;1.062152864;;;;
SPL;51;1.194809519;;;;
SPL;484;1.153169995;;;;
SPL;142;0.783402013;;;;
SPL;130;0.514576451;;;;
SPL;925;0.719660575;;;;
SPL;141;0.90051998;;;;
SPL;218;0.365603164;;;;
SPL;404;0.90051998;;;;
SPL;1103;0.719660575;;;;
SAP;1036;0.859266207;;;;
SPL;204;0.405741419;;;;
SPL;514;0.744828304;;;;
TPL;214;0.976728052;;;;
SPL;35;1.093748138;;;;
SPL;145;0.638593544;;;;
CPL;291;0.443820376;;;;
SPL;843;0.880179615;;;;
SPL;32;0.638593544;;;;
SPL;759;0.365603163;;;;
SPL;533;0.859266206;;;;
SPL;1140;0.792740211;;;;
SPL;931;0.609476993;;;;
SPL;861;0.443820376;;;;
CPL;119;0.27816376;;;;
SPL;551;0.443820376;;;;
SPL;915;0.859266207;;;;
SPL;642;1.078118574;;;;
SPL;638;0.443820376;;;;
SAP;83;0.79274021;;;;
SPL;703;0.480041067;;;;
TPL;547;1.078118574;;;;
SPL;389;0.230251853;;;;
SAP;565;0.609476993;;;;
TPL;871;0.837746529;;;;
SPL;201;0.514576452;;;;
WMT;53;1.221325798;;;;
WMT;53;1.093748138;;;;
WMT;24;0.941713498;;;;
WMT;35;1.167310935;;;;
XER;3;0.365603164;;;;
WMT;20;1.181187542;;;;
WMT;34;0.480041066;;;;
WMT;139;0.815584379;;;;
WMT;90;1.124053444;;;;
WMT;29;0.815584379;;;;
XER;92;1.138754457;;;;
XER;17;0.579171687;;;;
WMT;39;1.012086015;;;;
WMT;59;0.769170711;;;;
XER;1;1.093748138;;;;
WMT;58;1.062152864;;;;
WMT;7;1.029152902;;;;
WMT;27;0.666611091;;;;
WMT;139;0.839926786;;;;
WMT;1019;0.719660575;;;;
WMT;16;0.994617518;;;;
WMT;13;0.514576451;;;;
WMT;11;1.132908939;;;;
NAP;141;0.958396827;;;;
SAP;670;1.208186041;;;;
SAP;367;1.116592306;;;;
NAP;856;1.491304503;;;;
SAP;704;0.90051998;;;;
NAP;1263;0.744828303;;;;
NAP;13;1.307316662;;;;
NAP;40;0.666611091;;;;
SAP;197;1.194809519;;;;
NAP;224;1.093748138;;;;
NAP;147;0.90051998;;;;
SAP;518;1.078118574;;;;
NAP;251;1.234237026;;;;
NAP;496;0.939601472;;;;
NAP;618;1.295625445;;;;
NAP;40;0.920317871;;;;
NAP;32;0.958396827;;;;
SAP;410;1.138754457;;;;
SAP;373;1.208186041;;;;
NAP;135;1.373842658;;;;
SAP;607;0.859266207;;;;
NAP;390;1.259404755;;;;
SAP;264;1.012086015;;;;
SAP;94;1.029152902;;;;
NAP;66;1.40499591;;;;
NAP;80;1.029152902;;;;
NAP;99;1.454177923;;;;
SAP;506;0.976728052;;;;
CPL;89;1.167310935;;;;
CPL;179;0.880179614;;;;
CPL;167;1.208186041;;;;
CPL;28;1.234237026;;;;
WMT;108;1.271675727;;;;
WMT;4;1.181187542;;;;
WMT;74;0.994617518;;;;
CPL;4;1.078118573;;;;
CPL;42;1.208186041;;;;
CPL;6;0.976728052;;;;
CPL;21;1.109055421;;;;
CPL;31;1.294446133;;;;
CPL;158;1.272621688;;;;
CPL;28;1.283747162;;;;
CPL;70;0.939601472;;;;
CPL;511;1.018959924;;;;
SAP;770;1.109055421;;;;
NAP;163;1.234237026;;;;
NAP;265;1.059458208;;;;
NAP;122;1.271675727;;;;
NAP;287;0.90051998;;;;
NAP;34;1.062152864;;;;
NAP;104;1.181187542;;;;
NAP;232;0.90051998;;;;
NAP;305;0.837746529;;;;
NAP;137;0.815584379;;;;
NAP;68;1.109055421;;;;
NAP;205;1.093748138;;;;
NAP;38;1.221325798;;;;
NAP;501;1.093748138;;;;
TPL;148;0.547576413;;;;
TPL;120;0.939601472;;;;
SAP;28;1.373842658;;;;
SAP;456;1.012086015;;;;
TPL;647;0.994617518;;;;
TPL;242;1.167310935;;;;
CPL;89;0.958396827;;;;
NAP;509;1.039207822;;;;
NAP;42;0.956538561;;;;
NAP;519;1.125377935;;;;
NAP;531;1.122567203;;;;
NAP;214;1.244827461;;;;
UMW;437;0.880179615;;;;
TPL;29;0.939601471;;;;
UMW;274;0.547576413;;;;
TPL;25;0.514576451;;;;
TPL;25;1.012086015;;;;
UMW;50;0.837746529;;;;
UMW;124;1.010357547;;;;
UMW;17;0.719660575;;;;
UMW;146;1.029152902;;;;
TPL;159;0.792740211;;;;
TPL;447;0.609476993;;;;
SAP;124;1.404995909;;;;
SAP;87;1.295625445;;;;
SAP;58;1.167310935;;;;
SAP;28;1.265565594;;;;
SAP;61;1.341324603;;;;
SAP;42;1.363160791;;;;
TPL;104;0.719660575;;;;
TPL;85;0.27816376;;;;
TPL;78;0.230251853;;;;
TPL;237;0.514576451;;;;
CPL;55;1.10905542;;;;
CPL;39;1.208186041;;;;
CPL;390;1.062152864;;;;
CPL;46;1.138754457;;;;
CPL;195;1.35232298;;;;
CPL;52;1.194809519;;;;
CPL;68;0.859266207;;;;
NPL;61;1.425061371;;;;
NPL;112;1.526662466;;;;
NPL;175;1.062152864;;;;
NPL;252;1.307316661;;;;
NPL;82;1.138754457;;;;
NPL;273;0.958396827;;;;
NPL;105;1.018959924;;;;
NPL;100;1.124053444;;;;
CPL;43;1.194809519;;;;
CPL;100;1.295625445;;;;
CPL;58;0.815584379;;;;
CPL;48;0.939601472;;;;
XER;20;1.062152864;;;;
NAP;80;1.045836231;;;;
NAP;291;1.124053444;;;;
NAP;170;1.234237026;;;;
WMT;203;0.976728052;;;;
WMT;29;1.33016083;;;;
XER;114;1.33016083;;;;
WMT;9;1.221325798;;;;
XER;5;1.138754457;;;;
NAP;554;0.997557628;;;;
SAP;278;0.930022282;;;;
SAP;562;0.837746529;;;;
NAP;102;1.029152902;;;;
TPL;91;1.295625445;;;;
TPL;121;1.454177923;;;;
NPL;21;0.994617518;;;;
CPL;590;0.859266207;;;;
CPL;710;1.124053444;;;;
CPL;15;0.514576451;;;;
CPL;279;0.859266207;;;;
CPL;192;1.078118574;;;;
CPL;79;1.271675727;;;;
SPL;209;1.434894322;;;;
SPL;289;1.234237026;;;;
XER;321;1.307316662;;;;
SPL;1363;1.394756066;;;;
SPL;83;0.98572667;;;;
XER;39;1.295625445;;;;
XER;69;0.859266207;;;;
XER;141;1.470649718;;;;
WMT;52;1.33016083;;;;
XER;6;1.318826611;;;;
SAP;218;1.138754457;;;;
CPL;84;1.194809519;;;;
CPL;120;1.341324603;;;;
SAP;215;1.363160791;;;;
SAP;251;1.10905542;;;;
WMT;58;0.837746529;;;;
WMT;47;1.194809519;;;;
WMT;19;0.994617518;;;;
UMW;91;0.76917071;;;;
UMW;23;1.078118574;;;;
UMW;438;1.181187542;;;;
UMW;1089;1.078118574;;;;
UMW;82;0.880179615;;;;
UMW;83;1.207080491;;;;
UMW;533;1.045836231;;;;
UMW;65;0.863496286;;;;
UMW;354;1.107538818;;;;
TPL;508;0.79274021;;;;
UMW;336;0.920317871;;;;
SAP;357;1.124053444;;;;
SAP;259;0.958396827;;;;
SAP;255;0.994617518;;;;
WMT;59;1.132908939;;;;
XER;33;0.976728052;;;;
SAP;234;1.221325798;;;;
CPL;425;0.79274021;;;;
CPL;605;0.79274021;;;;
SAP;522;1.221325798;;;;
CPL;94;1.221325798;;;;
CPL;247;1.045836231;;;;
SAP;56;1.208186041;;;;
SAP;259;1.318826612;;;;
CPL;478;0.880179615;;;;
SAP;522;0.976728052;;;;
CPL;456;1.124053444;;;;
SAP;493;1.012086015;;;;
CPL;134;1.307316662;;;;
CPL;533;0.976728052;;;;
CPL;345;0.976728052;;;;
SAP;743;0.859266207;;;;
CPL;25;1.062152864;;;;
CPL;366;0.815584379;;;;
SAP;113;1.221325798;;;;
CPL;549;1.093748138;;;;
CPL;76;1.012086015;;;;
TPL;31;0.859266207;;;;
NPL;3;0.609476993;;;;
NPL;85;0.880179615;;;;
NPL;39;0.609476993;;;;
NPL;48;1.078118573;;;;
NPL;14;0.837746529;;;;
TPL;7;1.194809519;;;;
NPL;116;1.045836231;;;;
NPL;86;1.283747162;;;;
NPL;53;0.514576451;;;;
NPL;24;0.79274021;;;;
NPL;38;0.920317871;;;;
NPL;61;0.514576452;;;;
NPL;68;0.405741419;;;;
TPL;567;1.132908939;;;;
NPL;73;0;;;;
NPL;92;0.547576413;;;;
NPL;12;0.859266206;;;;
NPL;191;0.79274021;;;;
NPL;11;1.029152902;;;;
NPL;67;1.062152864;;;;
NPL;38;0.719660575;;;;
NPL;37;0.365603164;;;;
TPL;113;0.79274021;;;;
NPL;2;1.181187542;;;;
NPL;49;1.012086015;;;;
NPL;72;0.920317871;;;;
NPL;93;1.093748138;;;;
NPL;14;0.859266207;;;;
TPL;5;1.029152902;;;;
NPL;55;0.230251853;;;;
NPL;60;1.012086015;;;;
NPL;150;0.405741419;;;;
SAP;706;0.666611091;;;;
CPL;19;0.744828303;;;;
SAP;596;1.012086015;;;;
CPL;494;0.719660575;;;;
CPL;260;0.880179615;;;;
CPL;443;0.638593544;;;;
CPL;566;0.69360959;;;;
CPL;237;0.719660575;;;;
SAP;573;0.994617518;;;;
SAP;607;1.062152864;;;;
CPL;7;0.480041066;;;;
SAP;348;0.994617518;;;;
CPL;26;1.221325798;;;;
CPL;211;1.045836231;;;;
SPL;1143;1.173289841;;;;
CPL;79;1.045836231;;;;
CPL;59;0.90051998;;;;
CPL;4607;0.892675925;;;;
SPL;600;0.939601471;;;;
SPL;378;0.958396827;;;;
SPL;1025;0.859266207;;;;
CPL;266;0.443820376;;;;
XER;41;0.79274021;;;;
CPL;396;0.958396827;;;;
SPL;1117;1.045836231;;;;
SPL;294;1.181187542;;;;
SPL;180;1.360286144;;;;
SPL;100;0.609476993;;;;
SPL;163;1.463635081;;;;
CPL;62;1.318826611;;;;
SPL;85;1.221325798;;;;
SPL;41;1.045836231;;;;
SPL;167;1.246927538;;;;
CPL;368;1.167310935;;;;
XER;28;0.831167075;;;;
XER;102;0.815584379;;;;
WMT;158;1.029152902;;;;
XER;72;0.365603164;;;;
XER;29;0.976728052;;;;
XER;52;1.404995909;;;;
WMT;421;1.491304503;;;;
XER;4;0.837746529;;;;
XER;11;0.939601472;;;;
XER;19;0.69360959;;;;
XER;29;0.880179615;;;;
XER;7;1.012086015;;;;
XER;1;0.680233067;;;;
XER;27;0.323170078;;;;
WMT;470;0.728144974;;;;
WMT;270;1.271675727;;;;
XER;97;1.208186041;;;;
WMT;80;0.859266207;;;;
SAP;7;1.045836231;;;;
SAP;47;1.167310935;;;;
SAP;100;0.976728052;;;;
SAP;101;1.318826611;;;;
SAP;259;1.012086015;;;;
SAP;221;1.138754457;;;;
SAP;124;1.138754457;;;;
SAP;127;1.35232298;;;;
SAP;113;0.958396827;;;;
CPL;85;0.939601472;;;;
CPL;171;1.109055421;;;;
SAP;280;1.271675727;;;;
SAP;199;1.318826611;;;;
SAP;160;1.33016083;;;;
SAP;93;1.384373003;;;;
SAP;122;1.124053444;;;;
SAP;319;1.181187542;;;;
SAP;93;1.078118574;;;;
SAP;116;1.153169995;;;;
SAP;52;1.208186041;;;;
SAP;118;1.194809519;;;;
SAP;363;1.167310935;;;;
NAP;20;1.124053443;;;;
NAP;85;1.124053444;;;;
NAP;102;1.182332303;;;;
NAP;559;0.811071436;;;;
NAP;78;1.029152902;;;;
NAP;26;1.319777767;;;;
NAP;86;0.815584379;;;;
NAP;191;1.167310935;;;;
XER;15;0.880179615;;;;
WMT;63;0.480041067;;;;
XER;203;1.234237026;;;;
WMT;6;0.880179615;;;;
WMT;39;1.167310935;;;;
WMT;15;0.939601472;;;;
WMT;2;0.769170711;;;;
WMT;58;0.994617518;;;;
WMT;15;0;;;;
WMT;10;1.012086015;;;;
WMT;22;0.815584379;;;;
WMT;47;1.062152864;;;;
UMW;85;1.221325798;;;;
UMW;86;1.295625445;;;;
UMW;42;0.76917071;;;;
UMW;125;1.307316662;;;;
UMW;21;0.939601472;;;;
UMW;424;1.35232298;;;;
TPL;43;1.062152864;;;;
UMW;5;0.958396827;;;;
UMW;265;1.33016083;;;;
TPL;71;1.045836231;;;;
TPL;81;0.880179615;;;;
UMW;25;1.318826611;;;;
UMW;400;1.309247422;;;;
UMW;122;1.40499591;;;;
UMW;15;1.319777767;;;;
UMW;322;1.234237026;;;;
UMW;2;1.124053444;;;;
UMW;100;1.153169995;;;;
UMW;166;1.341324603;;;;
UMW;107;1.045836231;;;;
UMW;6;1.062152864;;;;
UMW;389;1.138754457;;;;
UMW;29;1.318826611;;;;
UMW;195;0.179033139;;;;
UMW;109;1.167310935;;;;
UMW;240;1.062152864;;;;
UMW;198;1.265565594;;;;
UMW;712;1.307316662;;;;
UMW;195;0.859266207;;;;
UMW;477;1.33016083;;;;
UMW;4;1.078118574;;;;
UMW;480;1.271675727;;;;
UMW;24;1.088574759;;;;
UMW;399;1.434894322;;;;
UMW;518;1.287727744;;;;
UMW;253;1.283747162;;;;
UMW;236;1.078118574;;;;
SAP;283;0.90051998;;;;
SAP;278;1.138754457;;;;
SAP;219;0.769170711;;;;
SAP;209;0.976728052;;;;
SAP;537;0.638593544;;;;
SAP;554;1.33016083;;;;
SAP;222;1.208186041;;;;
SAP;329;1.045836231;;;;
SAP;114;1.109055421;;;;
SAP;444;0.859266207;;;;
SAP;253;0.837746529;;;;
SAP;221;1.208186041;;;;
SAP;288;1.415096431;;;;
SAP;350;1.181187542;;;;
SAP;125;0.443820376;;;;
XER;91;0.815584379;;;;
NPL;5;1.124053444;;;;
NPL;10;0.976728052;;;;
WMT;47;1.454177922;;;;
NPL;27;1.012086015;;;;
XER;27;0.744828304;;;;
NPL;95;1.167310935;;;;
XER;59;0.958396827;;;;
NPL;75;1.045836231;;;;
XER;18;1.138754457;;;;
WMT;9;1.181187542;;;;
XER;58;1.318826611;;;;
XER;75;1.029152902;;;;
XER;19;0.90051998;;;;
NPL;28;0.976728052;;;;
XER;17;1.307316662;;;;
NPL;3;0.92031787;;;;
XER;49;1.012086015;;;;
NPL;15;1.167310935;;;;
NPL;319;1.124053444;;;;
NPL;140;1.109055421;;;;
WMT;26;1.295625445;;;;
WMT;6;1.181187542;;;;
NPL;71;1.259404755;;;;
SAP;255;0.939601471;;;;
SAP;175;1.013810469;;;;
SAP;462;0.744828304;;;;
SAP;407;0.744828304;;;;
CPL;290;0.837746529;;;;
CPL;145;0.76917071;;;;
CPL;624;0.939601471;;;;
CPL;306;0.666611091;;;;
SAP;391;0.976728052;;;;
SAP;521;0.815584379;;;;
SAP;119;0.880179615;;;;
CPL;83;0.769170711;;;;
CPL;49;0.719660575;;;;
CPL;50;0.769170711;;;;
CPL;427;1.012086015;;;;
SAP;303;0.79274021;;;;
SAP;446;0.92031787;;;;
SAP;1;0.991073946;;;;
CPL;204;0.976728052;;;;
CPL;274;0.974915165;;;;
CPL;447;0.837746529;;;;
SAP;320;0.815584379;;;;
SAP;928;0.769170711;;;;
CPL;506;0.27816376;;;;
CPL;689;0.480041067;;;;
CPL;496;0.179033139;;;;
SAP;494;0.480041066;;;;
CPL;454;0.92031787;;;;
SAP;727;0.785747598;;;;
CPL;248;0.976728052;;;;
CPL;615;0.514576451;;;;
CPL;199;0.90051998;;;;
CPL;551;0.323170078;;;;
CPL;508;0.365603163;;;;
CPL;527;0.69360959;;;;
SAP;638;0.514576452;;;;
CPL;308;0.230251853;;;;
SAP;189;0.958396827;;;;
SAP;155;0.880179615;;;;
CPL;162;1.012086015;;;;
CPL;229;0.638593544;;;;
SAP;127;1.045836231;;;;
SAP;462;0.792740211;;;;
CPL;12;1.012086015;;;;
SAP;245;0.880179615;;;;
SAP;62;0.638593544;;;;
SAP;236;0.837746529;;;;
CPL;950;0.480041066;;;;
WMT;1;1.239143699;;;;
XER;1;0.480041067;;;;
XER;4;0.547576413;;;;
XER;132;0.859266207;;;;
WMT;233;0.976728052;;;;
WMT;53;0.98572667;;;;
WMT;173;1.153169995;;;;
XER;1;0.815584379;;;;
XER;245;1.283747162;;;;
WMT;169;1.259404755;;;;
XER;240;1.208186041;;;;
WMT;75;1.221325798;;;;
XER;52;1.283747162;;;;
WMT;28;0.920317871;;;;
WMT;159;1.078118574;;;;
WMT;292;0.859266207;;;;
WMT;134;1.373842658;;;;
WMT;142;0.744828304;;;;
WMT;72;1.208186041;;;;
WMT;21;1.246927538;;;;
XER;704;1.399039845;;;;
XER;153;1.221325798;;;;
WMT;47;1.283747162;;;;
WMT;3;1.295625445;;;;
WMT;6;1.384373003;;;;
SPL;24;1.307316662;;;;
WMT;18;1.283747162;;;;
SPL;2;1.295625445;;;;
NAP;195;1.194809519;;;;
NAP;65;1.062152864;;;;
NAP;128;1.254231376;;;;
NAP;46;1.138754457;;;;
NAP;92;1.246927538;;;;
NAP;171;1.124053444;;;;
CPL;220;0.79274021;;;;
CPL;311;0.828680282;;;;
CPL;87;1.204642469;;;;
CPL;213;0.994617518;;;;
CPL;609;0.859266207;;;;
CPL;52;0.920317871;;;;
SAP;136;1.078118574;;;;
SAP;37;1.194809519;;;;
SAP;68;1.138754457;;;;
CPL;6;0.997557628;;;;
CPL;103;1.181187542;;;;
CPL;211;1.295625445;;;;
SAP;289;1.078118573;;;;
SAP;13;1.221325798;;;;
CPL;17;1.153169995;;;;
SAP;192;1.259404755;;;;
SAP;61;1.404995909;;;;
SAP;171;1.181187542;;;;
SAP;191;1.307316662;;;;
SAP;15;1.307316662;;;;
SAP;109;1.444598733;;;;
SAP;2;1.259404755;;;;
SAP;304;1.124053444;;;;
SAP;301;1.318826611;;;;
SAP;318;1.363160791;;;;
TPL;27;0.976728052;;;;
TPL;521;1.093748138;;;;
TPL;16;0.666611091;;;;
TPL;680;1.138754457;;;;
TPL;62;1.109055421;;;;
TPL;549;0.666611091;;;;
TPL;526;1.194809519;;;;
TPL;152;0.744828304;;;;
TPL;234;0.920317871;;;;
TPL;236;0.939601471;;;;
TPL;584;1.029152902;;;;
TPL;503;1.221325798;;;;
TPL;30;0.90051998;;;;
WMT;60;0.994617518;;;;
XER;16;1.029152903;;;;
XER;39;1.153169995;;;;
WMT;26;0.920317871;;;;
WMT;36;0.880179615;;;;
WMT;51;1.124053444;;;;
XER;40;1.208186041;;;;
WMT;52;0.666611091;;;;
XER;2;1.153169995;;;;
WMT;101;0.994617518;;;;
XER;62;1.029152902;;;;
XER;2;1.029152902;;;;
WMT;19;1.045836231;;;;
XER;29;1.012086015;;;;
XER;58;0.837746529;;;;
XER;83;1.062152864;;;;
WMT;38;0.965783723;;;;
WMT;17;0.859266207;;;;
XER;12;1.062152864;;;;
XER;16;0.76917071;;;;
WMT;72;1.045836231;;;;
XER;30;1.124053444;;;;
WMT;46;0.837746529;;;;
WMT;60;0.92031787;;;;
XER;34;0.994617518;;;;
TPL;338;0.579171687;;;;
TPL;87;0.744828303;;;;
TPL;186;0.719660575;;;;
TPL;292;0.638593544;;;;
TPL;506;1.062152864;;;;
SAP;998;1.208186041;;;;
TPL;1196;0.859266207;;;;
TPL;389;1.029152902;;;;
TPL;519;0.815584379;;;;
TPL;647;0.064595236;;;;
TPL;71;1.045836231;;;;
TPL;651;0.719660575;;;;
TPL;164;0.666611091;;;;
TPL;697;0.514576451;;;;
TPL;232;0.90051998;;;;
TPL;524;1.35232298;;;;
TPL;1335;1.130214283;;;;
TPL;650;1.124053444;;;;
TPL;373;0.719660575;;;;
TPL;113;1.246927538;;;;
TPL;248;0.79274021;;;;
TPL;1066;1.138754457;;;;
TPL;376;1.35232298;;;;
TPL;873;1.33016083;;;;
TPL;20;0.719660575;;;;
SPL;1201;1.251943618;;;;
SPL;388;1.194809519;;;;
SPL;190;0.939601472;;;;
TPL;28;0.405741419;;;;
TPL;307;0.719660575;;;;
SPL;25;0.69360959;;;;
TPL;459;0.880179615;;;;
SPL;841;0.859266207;;;;
TPL;75;0.480041067;;;;
SPL;941;0.976728052;;;;
TPL;190;1.246927538;;;;
TPL;157;1.363160791;;;;
TPL;211;1.093748138;;;;
TPL;162;0.323170078;;;;
TPL;591;0.958396827;;;;
SPL;537;0.994617518;;;;
SPL;503;1.259404755;;;;
TPL;209;0.976728052;;;;
TPL;303;1.045836231;;;;
TPL;1255;1.208186041;;;;
SPL;736;1.167310935;;;;
SPL;367;0.958396827;;;;
TPL;1104;1.012086015;;;;
TPL;68;1.259404755;;;;
TPL;46;0.90051998;;;;
TPL;265;0.815584379;;;;
SPL;2397;0.92031787;;;;
TPL;344;0.815584379;;;;
SPL;332;1.10905542;;;;
TPL;32;0.666611091;;;;
SPL;414;0.638593544;;;;
TPL;474;0.994617518;;;;
TPL;516;0.939601472;;;;
TPL;1110;1.194809519;;;;
SPL;80;0.837746529;;;;
TPL;178;0.994617518;;;;
SPL;460;0.939601472;;;;
TPL;79;0.994617518;;;;
SPL;11;0.666611091;;;;
TPL;535;1.045836231;;;;
TPL;108;0.994617518;;;;
SPL;89;1.012086015;;;;
SPL;229;1.271675727;;;;
SAP;53;1.181187542;;;;
SAP;41;0.90051998;;;;
TPL;42;1.124053444;;;;
CPL;203;0.939601472;;;;
TPL;591;1.234237026;;;;
SAP;536;1.010357547;;;;
SAP;439;1.181187542;;;;
SAP;44;0.69360959;;;;
TPL;154;0.638593544;;;;
SAP;790;0.480041067;;;;
SAP;529;1.06858041;;;;
SAP;508;1.045836231;;;;
SAP;435;0.930022282;;;;
SAP;275;1.093748138;;;;
TPL;277;0.815584379;;;;
CPL;197;0.880179615;;;;
SAP;680;1.234237026;;;;
SAP;752;0.958396827;;;;
SAP;292;0.859266207;;;;
SAP;723;1.404995909;;;;
SAP;569;0.719660575;;;;
CPL;2;0.939601471;;;;
SAP;234;1.462067231;;;;
CPL;470;0.991073946;;;;
CPL;688;1.33016083;;;;
CPL;310;1.295625445;;;;
CPL;85;1.078118573;;;;
CPL;573;1.363160791;;;;
CPL;479;1.093748138;;;;
CPL;828;1.434894322;;;;
CPL;498;1.472973278;;;;
CPL;652;1.234237026;;;;
CPL;205;0.79274021;;;;
CPL;645;1.295625445;;;;
CPL;403;1.234237026;;;;
NAP;184;1.167310935;;;;
NAP;135;1.062152864;;;;
NAP;32;0.579171687;;;;
NAP;286;1.234237026;;;;
SAP;67;1.341324603;;;;
CPL;69;1.271675727;;;;
SAP;422;1.259404755;;;;
SAP;117;1.167310935;;;;
SAP;230;1.318826611;;;;
SAP;545;1.425061371;;;;
SAP;638;1.363160791;;;;
SAP;222;1.318826611;;;;
SAP;507;1.353413909;;;;
CPL;140;0.976728052;;;;
UMW;84;1.341324603;;;;
UMW;179;1.221325798;;;;
UMW;98;1.35232298;;;;
UMW;146;1.062152864;;;;
UMW;59;1.208186041;;;;
TPL;54;1.363160791;;;;
UMW;213;1.181187542;;;;
UMW;20;1.283747162;;;;
UMW;273;1.319777767;;;;
UMW;251;1.307316662;;;;
UMW;378;1.062152864;;;;
UMW;144;1.271675727;;;;
TPL;19;0.859266207;;;;
UMW;21;1.434894322;;;;
UMW;37;1.194809519;;;;
UMW;31;1.029152902;;;;
UMW;12;0.859266207;;;;
UMW;88;1.194809519;;;;
UMW;2;0.90051998;;;;
UMW;110;0.92031787;;;;
UMW;109;1.221325798;;;;
TPL;19;1.012086015;;;;
TPL;2;1.221325798;;;;
UMW;45;1.283747162;;;;
UMW;76;1.221325798;;;;
UMW;277;1.078118574;;;;
UMW;3;1.012086015;;;;
UMW;284;1.181187542;;;;
UMW;665;1.246927538;;;;
TPL;718;1.10297033;;;;
UMW;165;1.181187542;;;;
TPL;139;0.822302768;;;;
UMW;426;1.259404755;;;;
TPL;561;1.093748138;;;;
UMW;273;1.010357547;;;;
UMW;96;0.815584379;;;;
UMW;296;0.83555985;;;;
UMW;427;0.719660575;;;;
UMW;206;1.130214283;;;;
UMW;124;1.107538818;;;;
UMW;437;1.005147863;;;;
TPL;21;0.579171687;;;;
TPL;24;1.246927538;;;;
UMW;273;1.047484127;;;;
UMW;474;1.35232298;;;;
UMW;294;0.666611091;;;;
UMW;549;1.181187542;;;;
UMW;216;0.850733045;;;;
TPL;68;0.443820376;;;;
UMW;319;1.307316661;;;;
UMW;175;0.90051998;;;;
UMW;94;0.682927724;;;;
TPL;650;1.234237026;;;;
TPL;117;0.976728052;;;;
UMW;244;1.190749106;;;;
UMW;14;1.172892742;;;;
UMW;6;1.174744057;;;;
UMW;6;1.307316662;;;;
TPL;20;1.194809519;;;;
TPL;518;0.547576413;;;;
TPL;247;0.837746529;;;;
TPL;239;0.582258498;;;;
SAP;452;0.933868803;;;;
SAP;517;0.920317871;;;;
SAP;704;0.978737193;;;;
TPL;535;0.837746529;;;;
SAP;51;0.737367166;;;;
TPL;76;1.153169995;;;;
TPL;230;1.012086015;;;;
SAP;33;1.124053444;;;;
SAP;53;0.994617518;;;;
TPL;65;0.744828303;;;;
TPL;561;0.677528595;;;;
TPL;126;0.69360959;;;;
TPL;375;1.076537366;;;;
SAP;602;0.982140301;;;;
TPL;156;0.740968927;;;;
TPL;540;0.90051998;;;;
TPL;668;0.79274021;;;;
TPL;56;1.060537244;;;;
TPL;174;0.744828303;;;;
TPL;998;0.609476993;;;;
TPL;433;0.815584379;;;;
NPL;35;1.124053444;;;;
WMT;26;1.295625445;;;;
NPL;57;0.939601472;;;;
WMT;62;0.666611091;;;;
NPL;536;0.939601472;;;;
NPL;27;1.246927538;;;;
NPL;506;1.246927538;;;;
NPL;37;0.514576451;;;;
NPL;146;0.694787032;;;;
WMT;86;0.880179615;;;;
WMT;2;0.859266207;;;;
WMT;100;0.719660575;;;;
NPL;128;0.837746529;;;;
NPL;90;1.078118574;;;;
NPL;117;0.815584379;;;;
WMT;151;0.744828304;;;;
NPL;82;1.153169995;;;;
NPL;101;0.859266207;;;;
NPL;48;1.167310935;;;;
WMT;23;1.341324603;;;;
NPL;48;1.307316661;;;;
NPL;284;1.109055421;;;;
NPL;32;1.33016083;;;;
NPL;2;1.078118573;;;;
WMT;51;1.271675727;;;;
NPL;102;1.48219547;;;;
CPL;214;1.33016083;;;;
CPL;197;1.271675726;;;;
SAP;94;1.078118574;;;;
SAP;68;1.307316662;;;;
SAP;148;1.342431802;;;;
SAP;199;1.246927538;;;;
CPL;230;1.318826611;;;;
CPL;270;1.271675727;;;;
CPL;93;1.138754457;;;;
CPL;90;1.029152902;;;;
CPL;88;1.363160791;;;;
SAP;73;1.179811496;;;;
SAP;2;1.33016083;;;;
CPL;69;1.394756066;;;;
SAP;116;1.318826611;;;;
CPL;36;0.939601472;;;;
SAP;261;0.908502604;;;;
SAP;34;1.234237026;;;;
SAP;142;1.246927538;;;;
CPL;34;1.27773598;;;;
SAP;264;1.208186041;;;;
CPL;90;1.153169995;;;;
SAP;67;1.283747162;;;;
SAP;49;1.153169995;;;;
SAP;434;1.33016083;;;;
SAP;49;1.124053443;;;;
SAP;34;1.167310935;;;;
CPL;83;1.167310935;;;;
SAP;24;1.062152864;;;;
SAP;191;1.029152902;;;;
NPL;1;1.138754457;;;;
NPL;282;0.880179614;;;;
NPL;1;1.109055421;;;;
NPL;3;0.994617518;;;;
NPL;35;1.147796918;;;;
NPL;37;1.078118574;;;;
NPL;2;0.939601472;;;;
NPL;374;0.994617518;;;;
NPL;21;0.920317871;;;;
NPL;3;0.744828304;;;;
NPL;31;0.994617518;;;;
NPL;58;1.045836231;;;;
NPL;5;0.939601471;;;;
NPL;7;1.098373554;;;;
NPL;307;0.744828303;;;;
NPL;60;1.270457717;;;;
NPL;133;0.958396827;;;;
TPL;241;0.76917071;;;;
SPL;22;1.029152902;;;;
SPL;117;0.880179614;;;;
SPL;93;0.90051998;;;;
TPL;28;0.815584379;;;;
TPL;147;1.012086015;;;;
SPL;306;1.093748138;;;;
TPL;910;0.514576452;;;;
NPL;51;1.434894322;;;;
SPL;152;0.837746529;;;;
TPL;21;0.79274021;;;;
TPL;755;0.976728052;;;;
NPL;102;0.859266207;;;;
SPL;71;1.167310935;;;;
SPL;321;0.064595236;;;;
NPL;49;1.078118573;;;;
TPL;255;0.638593544;;;;
NAP;125;0.859266207;;;;
NAP;376;0.792740211;;;;
NAP;46;1.062152864;;;;
NAP;243;0.859266207;;;;
NAP;72;0.837746529;;;;
NAP;204;1.045836231;;;;
NAP;489;1.153169995;;;;
NAP;1;1.044460185;;;;
NAP;78;0.92031787;;;;
NAP;4;0.842582878;;;;
CPL;458;0.792740211;;;;
CPL;229;0.69360959;;;;
SAP;252;1.194809519;;;;
SAP;353;1.283747162;;;;
SAP;186;1.33016083;;;;
SAP;84;0.579171687;;;;
SAP;18;1.25568356;;;;
SAP;651;1.295625445;;;;
SAP;123;1.246927538;;;;
NAP;215;1.295625445;;;;
NAP;185;1.271675727;;;;
SAP;495;1.153169995;;;;
NAP;231;1.373842658;;;;
CPL;66;0.958396827;;;;
XER;6;1.234237026;;;;
XER;128;1.029152903;;;;
XER;26;0.709349619;;;;
XER;5;0.76917071;;;;
XER;8;1.093748138;;;;
XER;25;1.062152864;;;;
XER;10;1.062152864;;;;
SAP;84;1.181187542;;;;
NAP;606;0.90051998;;;;
NAP;413;1.271675726;;;;
NAP;449;0.760568333;;;;
NAP;626;0.976728052;;;;
NAP;815;1.153169995;;;;
NAP;598;0.815584379;;;;
NAP;103;1.078118574;;;;
NAP;69;1.013523338;;;;
NAP;607;1.042529425;;;;
NAP;170;1.208186041;;;;
NAP;202;0.976728052;;;;
NAP;391;0.480041067;;;;
NAP;392;0.443820376;;;;
NAP;542;0.79274021;;;;
NAP;487;1.153169995;;;;
NAP;519;0.869796552;;;;
NAP;922;0.744828304;;;;
NAP;289;1.029152902;;;;
NAP;187;0.744828304;;;;
NAP;53;1.062152864;;;;
NAP;157;0.859266207;;;;
NAP;331;0.920317871;;;;
NAP;340;1.307316661;;;;
NAP;432;0.837746529;;;;
NAP;228;0.514576452;;;;
NAP;1858;1.012086015;;;;
NAP;353;0.443820376;;;;
NAP;281;0.666611091;;;;
NAP;1076;1.029152902;;;;
NAP;266;0.792740211;;;;
NAP;420;1.062152864;;;;
NAP;395;1.151740972;;;;
NAP;475;0.994617517;;;;
NAP;306;0.880179614;;;;
NAP;524;1.208186041;;;;
NAP;932;1.194809519;;;;
NAP;322;1.208186041;;;;
NAP;78;0.794670971;;;;
NAP;290;1.078118574;;;;
SAP;376;0.69360959;;;;
NAP;516;1.259404755;;;;
NAP;171;1.271675727;;;;
NAP;244;0.638593544;;;;
NAP;339;0.920317871;;;;
NAP;31;1.078118574;;;;
NAP;43;1.219151926;;;;
NAP;562;0.994617517;;;;
NAP;1799;0.719660575;;;;
NAP;276;0.514576451;;;;
NAP;107;1.092642588;;;;
NAP;518;1.194809519;;;;
NAP;304;1.109055421;;;;
NAP;1290;0.666611091;;;;
NAP;1273;1.221325798;;;;
NAP;125;1.045836231;;;;
NAP;509;1.074159221;;;;
NAP;758;0.976728052;;;;
SAP;178;1.047484127;;;;
NAP;1023;0.994617518;;;;
NAP;994;1.181187542;;;;
SAP;1780;0.880179615;;;;
NAP;35;1.153169995;;;;
NAP;447;0.40574142;;;;
SAP;636;0.976728052;;;;
SAP;399;0.958396827;;;;
TPL;320;0.991073946;;;;
SAP;350;1.093748138;;;;
TPL;375;0.939601472;;;;
NAP;145;0.90051998;;;;
SAP;360;1.093748138;;;;
TPL;456;1.012086015;;;;
TPL;363;1.012086015;;;;
TPL;1526;1.153169995;;;;
SAP;894;0.95093569;;;;
TPL;484;1.208186041;;;;
TPL;524;1.062152864;;;;
SAP;314;0.79274021;;;;
NAP;230;1.122567203;;;;
TPL;136;1.093748138;;;;
SAP;267;0.76917071;;;;
NAP;640;1.208186041;;;;
SAP;380;0.958396827;;;;
SAP;375;0.976728052;;;;
NAP;158;0.837746529;;;;
NAP;944;1.029152903;;;;
SAP;33;1.012086015;;;;
NAP;150;1.124053444;;;;
TPL;510;1.221325798;;;;
NAP;1155;0.920317871;;;;
NAP;1;0.609476993;;;;
TPL;306;0.769170711;;;;
TPL;37;1.045836231;;;;
TPL;548;0.939601471;;;;
TPL;314;1.454177923;;;;
NAP;215;0.744828303;;;;
CPL;614;1.062152864;;;;
SAP;777;1.153169995;;;;
SAP;244;0.579171687;;;;
SPL;55;0.514576451;;;;
SPL;431;0.92031787;;;;
SPL;490;0.90051998;;;;
SPL;628;0.76917071;;;;
SAP;747;0.859266207;;;;
SPL;584;0.638593544;;;;
SPL;182;0.514576451;;;;
SPL;502;0.480041066;;;;
CPL;552;0.737367166;;;;
SPL;292;0.76917071;;;;
SPL;257;1.093748138;;;;
CPL;919;0.744828304;;;;
SPL;594;0.744828304;;;;
CPL;851;0.69360959;;;;
SPL;672;0.579171687;;;;
SAP;569;0.880179615;;;;
CPL;295;0.547576413;;;;
SAP;924;1.012086015;;;;
SPL;495;0.547576413;;;;
SPL;3246;0.837746529;;;;
SPL;4;0.769170711;;;;
SPL;768;0.638593544;;;;
TPL;41;1.012086015;;;;
SPL;459;0.769170711;;;;
SPL;123;0.920317871;;;;
SPL;353;0.638593544;;;;
SPL;256;0.880179615;;;;
SAP;609;0.994617517;;;;
SPL;801;1.208186041;;;;
SAP;1254;1.062152864;;;;
WMT;53;0.815584379;;;;
WMT;180;0.837746529;;;;
WMT;57;1.373842658;;;;
WMT;103;0.609476993;;;;
WMT;22;1.045836231;;;;
WMT;76;0.90051998;;;;
WMT;99;0.792740211;;;;
WMT;43;1.062152864;;;;
WMT;202;1.104496285;;;;
WMT;40;0.859266207;;;;
XER;155;0.92031787;;;;
WMT;18;0.958396827;;;;
WMT;28;1.109055421;;;;
WMT;20;1.10905542;;;;
WMT;95;1.012086015;;;;
WMT;59;0.958396827;;;;
WMT;123;0.719660575;;;;
WMT;20;1.153169995;;;;
XER;9;0.795056521;;;;
WMT;29;0.92031787;;;;
WMT;16;1.153169995;;;;
WMT;16;1.283747162;;;;
WMT;11;0.958396827;;;;
WMT;9;0.994617518;;;;
WMT;168;1.093748138;;;;
WMT;13;1.318826611;;;;
NAP;728;0.744828304;;;;
NAP;978;0.609476993;;;;
NAP;214;0.976728052;;;;
NAP;220;0.976728052;;;;
NAP;483;1.212152445;;;;
NAP;335;0.609476993;;;;
NAP;230;0.994617518;;;;
NAP;330;0.859266207;;;;
NAP;512;0.859266207;;;;
SAP;276;0.939601472;;;;
NAP;665;1.10905542;;;;
NAP;285;1.062152864;;;;
SAP;516;0.744828303;;;;
SAP;688;0.837746529;;;;
SAP;129;0.719660575;;;;
NAP;552;1.052405981;;;;
SAP;521;0.939389938;;;;
NAP;369;0.666611091;;;;
NAP;360;0.69360959;;;;
NAP;500;0.976728052;;;;
NAP;502;0.728144974;;;;
SAP;511;1.078118574;;;;
NAP;496;0.79274021;;;;
NAP;240;0.744828304;;;;
NAP;107;0.719660575;;;;
NAP;233;0.792740211;;;;
SAP;314;0.939601472;;;;
NAP;14;0.666611092;;;;
NAP;20;1.167310935;;;;
NAP;5;1.307316662;;;;
NAP;26;1.271675727;;;;
NAP;80;1.394756066;;;;
NAP;71;1.167310935;;;;
NAP;15;1.309247422;;;;
TPL;28;0.719660575;;;;
TPL;284;0.719660575;;;;
TPL;220;0.744828303;;;;
NPL;13;0.579171687;;;;
NPL;166;0.719660575;;;;
NPL;23;1.181187542;;;;
NPL;10;0.880179614;;;;
WMT;168;0.480041067;;;;
NPL;62;0.876734704;;;;
TPL;105;0.365603164;;;;
NPL;8;0.744828304;;;;
NPL;45;1.093748138;;;;
NPL;1;0.666611091;;;;
TPL;187;0.815584379;;;;
TPL;33;0.719660575;;;;
WMT;57;1.167310935;;;;
TPL;210;1.012086015;;;;
SPL;513;1.318826611;;;;
CPL;180;1.012086015;;;;
CPL;359;0.880179615;;;;
SPL;416;1.221325798;;;;
CPL;457;1.029152902;;;;
SPL;69;0.405741419;;;;
SPL;182;1.045836231;;;;
CPL;195;1.045836231;;;;
SPL;386;1.153169995;;;;
CPL;223;1.078118574;;;;
SPL;126;1.179811496;;;;
SPL;462;0.792740211;;;;
SPL;78;1.167310935;;;;
CPL;74;1.110219933;;;;
SPL;91;0.609476993;;;;
SPL;247;0.880179615;;;;
SPL;338;1.124053444;;;;
SPL;1500;0.666611091;;;;
CPL;244;0.976728052;;;;
SPL;578;1.109055421;;;;
CPL;541;1.167310935;;;;
CPL;182;1.012086015;;;;
SPL;197;0.90051998;;;;
CPL;348;1.208186041;;;;
SPL;23;0.737367166;;;;
CPL;91;0.704575475;;;;
SPL;1106;1.208186041;;;;
SPL;116;1.404995909;;;;
CPL;37;1.208186041;;;;
SPL;7;0.958396827;;;;
SPL;272;0.939601472;;;;
SPL;115;1.208186041;;;;
SPL;87;0.514576451;;;;
XER;239;1.078118574;;;;
XER;34;1.318826612;;;;
WMT;43;1.434894322;;;;
WMT;257;1.167310935;;;;
XER;92;0.90051998;;;;
XER;23;0.976728052;;;;
XER;17;0.837746529;;;;
XER;57;1.078118574;;;;
WMT;85;1.029152902;;;;
XER;8;1.181187542;;;;
WMT;2;1.318826611;;;;
SAP;228;1.138754457;;;;
SAP;236;1.33016083;;;;
SAP;66;1.283747162;;;;
SAP;132;1.221325798;;;;
SAP;160;1.138754457;;;;
SAP;119;1.153169995;;;;
SAP;108;1.221325798;;;;
SAP;707;0.815584379;;;;
SAP;373;1.394756066;;;;
CPL;81;1.394756066;;;;
SAP;344;1.246927538;;;;
CPL;143;1.153169995;;;;
SAP;181;1.093748138;;;;
SAP;206;1.181187542;;;;
NAP;414;1.318826612;;;;
NAP;320;0.976728052;;;;
NAP;196;1.246927538;;;;
NAP;515;1.093748138;;;;
NAP;4;1.271675727;;;;
NAP;107;1.167310935;;;;
NAP;35;1.384373003;;;;
NAP;393;1.234237026;;;;
NAP;122;1.109055421;;;;
NAP;89;1.10905542;;;;
NAP;66;1.283747162;;;;
NAP;180;0.547576413;;;;
NAP;85;1.124053444;;;;
NAP;448;1.062152864;;;;
NAP;106;1.047484128;;;;
WMT;34;1.029152903;;;;
WMT;129;1.078118574;;;;
XER;26;0.609476993;;;;
WMT;2;0.976728052;;;;
WMT;14;1.045836231;;;;
WMT;6;0.920317871;;;;
WMT;4;1.045836231;;;;
WMT;19;0.837746529;;;;
WMT;4;0.79274021;;;;
WMT;12;1.143590805;;;;
WMT;142;1.171608353;;;;
XER;308;1.124053444;;;;
WMT;705;1.194809519;;;;
WMT;9;1.109055421;;;;
WMT;35;1.012086015;;;;
WMT;68;1.045836231;;;;
WMT;192;0.976728052;;;;
WMT;2;1.259404755;;;;
UMW;903;1.10905542;;;;
TPL;147;1.341324603;;;;
UMW;98;1.307316662;;;;
UMW;244;0.880179615;;;;
UMW;484;1.341324603;;;;
UMW;365;1.491304503;;;;
UMW;181;1.181187542;;;;
UMW;113;0.994617518;;;;
UMW;3;1.153169995;;;;
UMW;220;1.167310935;;;;
UMW;32;1.153169995;;;;
TPL;112;0.939601472;;;;
TPL;306;1.012086015;;;;
UMW;258;0.976728052;;;;
UMW;3;1.194809519;;;;
UMW;24;1.341324603;;;;
UMW;86;1.254231376;;;;
UMW;47;1.367287411;;;;
UMW;214;1.259404755;;;;
UMW;464;1.045836231;;;;
TPL;81;1.415096431;;;;
UMW;75;1.341324603;;;;
UMW;29;1.10905542;;;;
UMW;403;1.208186041;;;;
UMW;51;1.134699958;;;;
UMW;65;1.40499591;;;;
UMW;183;1.307316662;;;;
UMW;18;1.259404755;;;;
UMW;4;1.234237026;;;;
UMW;39;0.719660575;;;;
UMW;53;1.109055421;;;;
SAP;293;1.181187542;;;;
WMT;299;1.276729367;;;;
XER;44;1.415096431;;;;
WMT;639;1.378072737;;;;
WMT;674;1.078118574;;;;
NPL;1;1.138754457;;;;
NPL;121;0.939601471;;;;
SPL;101;1.208186041;;;;
XER;48;1.394756066;;;;
WMT;142;1.112079363;;;;
SPL;147;1.318826611;;;;
NPL;95;0.837746529;;;;
NPL;124;1.045836231;;;;
XER;203;1.384373003;;;;
WMT;816;1.265565594;;;;
XER;98;1.373842658;;;;
NPL;7;1.167310935;;;;
XER;86;0.939601471;;;;
XER;15;1.363160791;;;;
NPL;3;1.124053444;;;;
WMT;308;1.078118574;;;;
CPL;33;1.078118573;;;;
CPL;72;1.167310935;;;;
CPL;1049;0.744828304;;;;
SAP;58;1.153169995;;;;
CPL;504;0.90051998;;;;
CPL;112;1.012086015;;;;
CPL;223;0.365603164;;;;
SAP;362;1.208186041;;;;
XER;8;1.109055421;;;;
XER;27;1.078118574;;;;
XER;49;1.194809519;;;;
XER;1;0.179033139;;;;
WMT;37;1.049128373;;;;
WMT;73;0.859266207;;;;
XER;3;0.480041067;;;;
XER;4;1.167310935;;;;
XER;70;1.283747162;;;;
WMT;540;1.062152864;;;;
WMT;33;1.33016083;;;;
XER;16;1.045836231;;;;
WMT;572;1.295625445;;;;
WMT;16;1.234237026;;;;
WMT;26;1.295625445;;;;
WMT;72;1.341324603;;;;
WMT;5;1.33016083;;;;
WMT;51;1.153169995;;;;
WMT;53;1.318826611;;;;
XER;43;1.271675727;;;;
XER;62;1.124053444;;;;
SPL;116;0.90051998;;;;
SPL;458;1.153169995;;;;
XER;39;0.958396827;;;;
SPL;244;0.719660575;;;;
XER;5;1.307316662;;;;
XER;102;1.307316662;;;;
XER;9;1.181187542;;;;
XER;180;1.138754457;;;;
XER;281;0.609476993;;;;
XER;17;0.443820376;;;;
SPL;483;0.443820376;;;;
SPL;88;1.030838208;;;;
XER;24;1.029152903;;;;
SPL;260;1.153169995;;;;
WMT;8;1.153169995;;;;
NAP;208;0.90051998;;;;
NAP;141;0.719660575;;;;
NAP;200;1.062152864;;;;
NAP;160;0.859266207;;;;
NAP;258;0.880179615;;;;
NAP;1806;0.579171687;;;;
NAP;128;0.579171687;;;;
NAP;471;0.958396827;;;;
NAP;1158;0.792740211;;;;
NAP;1254;0.769170711;;;;
NAP;218;0.882238914;;;;
NAP;86;0.815584379;;;;
NAP;234;1.045836231;;;;
NAP;233;0.744828304;;;;
NAP;389;0.859266207;;;;
CPL;192;0.996382981;;;;
CPL;88;1.062152864;;;;
CPL;116;0.79274021;;;;
SAP;87;1.283747162;;;;
SAP;51;1.124053444;;;;
SAP;43;1.454177923;;;;
CPL;220;1.10905542;;;;
CPL;473;0.991073946;;;;
CPL;155;0.744828304;;;;
CPL;66;0.908502604;;;;
CPL;33;1.012086015;;;;
CPL;114;1.153169995;;;;
CPL;484;1.138754457;;;;
CPL;48;0.719660575;;;;
CPL;245;1.029152902;;;;
CPL;135;1.167310935;;;;
CPL;121;1.062152864;;;;
CPL;289;0.994617518;;;;
CPL;48;1.194809519;;;;
CPL;22;0.976728052;;;;
CPL;58;1.078118574;;;;
CPL;116;1.138754457;;;;
CPL;225;0.976728052;;;;
CPL;510;0.939601472;;;;
CPL;74;1.295625445;;;;
CPL;15;0.976728052;;;;
CPL;156;0.859266207;;;;
CPL;647;0.880179615;;;;
CPL;417;0.79274021;;;;
SAP;171;1.093748138;;;;
SAP;270;1.33016083;;;;
CPL;389;0.920317871;;;;
CPL;335;1.078118574;;;;
CPL;509;1.124053444;;;;
CPL;442;1.153169995;;;;
CPL;535;1.234237026;;;;
SAP;231;1.295625445;;;;
CPL;346;1.307316662;;;;
SAP;296;1.271675727;;;;
CPL;376;1.045836231;;;;
SAP;229;1.109055421;;;;
CPL;175;0.987513378;;;;
SAP;80;0.939601471;;;;
SAP;58;1.109055421;;;;
CPL;540;1.194809519;;;;
SAP;8;1.124053444;;;;
CPL;276;1.153169995;;;;
SAP;223;1.221325798;;;;
CPL;620;1.153169995;;;;
CPL;521;0.939601472;;;;
TPL;478;0.682927724;;;;
UMW;39;0.76917071;;;;
UMW;378;0.547576413;;;;
TPL;47;0.514576451;;;;
TPL;164;0.880179615;;;;
TPL;105;0.609476992;;;;
UMW;385;0.514576452;;;;
TPL;491;0.405741419;;;;
UMW;675;0.69360959;;;;
TPL;527;0.179033139;;;;
TPL;837;0.348919835;;;;
UMW;181;0.443820376;;;;
TPL;103;0.064595236;;;;
TPL;196;1.318826611;;;;
UMW;641;0.638593544;;;;
UMW;114;0.837746529;;;;
UMW;544;0.443820376;;;;
TPL;338;0.69360959;;;;
TPL;353;0.480041067;;;;
TPL;438;0.547576413;;;;
UMW;455;1.259404755;;;;
TPL;67;0.547576413;;;;
TPL;40;0.859266207;;;;
TPL;32;0.666611091;;;;
UMW;666;1.153169995;;;;
UMW;500;0.579171687;;;;
TPL;21;0.609476993;;;;
UMW;385;1.153169995;;;;
TPL;32;1.045836231;;;;
TPL;29;0.920317871;;;;
WMT;1;0.90051998;;;;
WMT;12;1.295625445;;;;
WMT;8;1.045836231;;;;
WMT;6;0.95093569;;;;
WMT;10;0.815584379;;;;
WMT;12;0.859266207;;;;
WMT;18;0.994617518;;;;
WMT;24;1.099908977;;;;
WMT;10;0.737367166;;;;
WMT;25;0.976728052;;;;
WMT;11;1.045836231;;;;
WMT;1;1.153169995;;;;
XER;99;0.815584379;;;;
XER;52;1.271675727;;;;
XER;70;1.124053444;;;;
WMT;11;1.030838208;;;;
WMT;112;1.395900826;;;;
XER;15;0.69360959;;;;
WMT;116;1.394756066;;;;
TPL;123;0.976728052;;;;
TPL;482;1.078118574;;;;
SAP;207;1.153169995;;;;
TPL;373;1.124053444;;;;
TPL;1284;0.609476993;;;;
CPL;187;0.480041066;;;;
TPL;267;1.309632972;;;;
TPL;125;0.769170711;;;;
TPL;411;1.062152864;;;;
TPL;317;0.769170711;;;;
TPL;223;0.744828304;;;;
TPL;431;1.246927538;;;;
TPL;532;0.976728052;;;;
TPL;647;0.76917071;;;;
TPL;155;1.062152864;;;;
TPL;104;0.744828303;;;;
TPL;79;0.27816376;;;;
TPL;40;0.638593544;;;;
TPL;3;0.79274021;;;;
TPL;269;0.976728052;;;;
TPL;105;1.221325798;;;;
SAP;9;0.769170711;;;;
TPL;33;1.029152902;;;;
UMW;69;0.859266207;;;;
SAP;175;0.90051998;;;;
UMW;1090;1.093748138;;;;
TPL;240;1.012086015;;;;
UMW;620;1.167310935;;;;
TPL;500;1.194809519;;;;
TPL;123;1.234237026;;;;
TPL;75;1.012086015;;;;
SAP;290;1.283747162;;;;
UMW;180;1.029152903;;;;
TPL;59;0.79274021;;;;
TPL;71;0.609476993;;;;
SAP;62;0.859266207;;;;
UMW;291;1.259404755;;;;
TPL;114;1.246927538;;;;
UMW;119;1.181187542;;;;
SAP;55;0.837746529;;;;
SAP;68;1.208186041;;;;
TPL;219;1.124053444;;;;
UMW;665;1.501296268;;;;
TPL;10;1.104714023;;;;
TPL;1;1.295625445;;;;
TPL;1010;1.045836231;;;;
TPL;150;0.92031787;;;;
TPL;177;1.341324603;;;;
UMW;24;0.815584379;;;;
TPL;143;0.79274021;;;;
TPL;245;1.045836231;;;;
SPL;62;1.444598733;;;;
TPL;123;1.384373003;;;;
TPL;2598;0.815584379;;;;
TPL;809;1.029152902;;;;
SPL;721;1.295625445;;;;
TPL;89;0.994617518;;;;
TPL;549;0.179033139;;;;
SAP;201;1.221325798;;;;
SAP;520;0.323170078;;;;
TPL;613;0.69360959;;;;
SAP;72;0.976728052;;;;
TPL;627;0.971276055;;;;
SAP;231;1.283747162;;;;
TPL;823;1.045836231;;;;
SAP;149;0.920317871;;;;
CPL;731;1.153169995;;;;
CPL;1231;1.194809519;;;;
CPL;699;1.109055421;;;;
CPL;511;1.194809519;;;;
CPL;933;1.278942116;;;;
CPL;732;1.299152183;;;;
CPL;520;0.76917071;;;;
CPL;29;1.078118574;;;;
CPL;645;1.045836231;;;;
CPL;926;0.958396827;;;;
CPL;855;1.295625445;;;;
CPL;299;0.90051998;;;;
CPL;49;0.958396827;;;;
CPL;594;1.454177923;;;;
CPL;142;0.792740211;;;;
NAP;172;0.958396827;;;;
NAP;239;0.769170711;;;;
NAP;75;0.859266207;;;;
NAP;95;1.181187542;;;;
NAP;303;0.939601472;;;;
NAP;184;0.514576452;;;;
NAP;589;0.618332488;;;;
NAP;382;0.880179615;;;;
NAP;199;1.045836231;;;;
NAP;94;1.093748138;;;;
NAP;138;0.939601472;;;;
NAP;286;0.609476993;;;;
NAP;3;0.719660575;;;;
NAP;654;0.815584379;;;;
SAP;126;1.208186041;;;;
SAP;155;1.153169995;;;;
SAP;170;1.415096431;;;;
SAP;469;1.078118574;;;;
CPL;42;0.922268928;;;;
SAP;119;1.234237026;;;;
CPL;90;1.234237026;;;;
SAP;93;0.859266207;;;;
SAP;559;1.194809519;;;;
CPL;140;1.10905542;;;;
NAP;178;0.865602321;;;;
NAP;321;0.913338953;;;;
NAP;64;0.893801591;;;;
NAP;171;0.880179615;;;;
NAP;180;0.547576413;;;;
NAP;142;0.837746529;;;;
NAP;287;0.514576451;;;;
NAP;445;0.890419458;;;;
NAP;63;0.90051998;;;;
NAP;115;0.920317871;;;;
NAP;163;0.729830281;;;;
NAP;82;0.837746529;;;;
NAP;252;0.69360959;;;;
NAP;47;0.90051998;;;;
NAP;67;0.939601471;;;;
NAP;116;1.116592307;;;;
NAP;139;1.062152864;;;;
NAP;34;0.815584379;;;;
NAP;69;1.246927538;;;;
NAP;523;0.94905863;;;;
NAP;202;0.92031787;;;;
NAP;501;1.10905542;;;;
NAP;471;0.890419458;;;;
NAP;31;0.547576413;;;;
NAP;126;0.815584379;;;;
NAP;353;0.976728052;;;;
NAP;238;0.179033139;;;;
NAP;87;0.480041067;;;;
NAP;111;0.976728052;;;;
NAP;70;1.246927538;;;;
NAP;2;0.715667758;;;;
NAP;84;0.958396827;;;;
NAP;31;0.837746529;;;;
NAP;283;1.33016083;;;;
NAP;433;0.514576451;;;;
NAP;251;1.245668205;;;;
TPL;48;1.002432083;;;;
UMW;284;0.920317871;;;;
TPL;39;0.514576451;;;;
UMW;407;1.194809519;;;;
TPL;309;1.045836231;;;;
UMW;452;1.246927538;;;;
TPL;74;0.323170078;;;;
UMW;200;1.109055421;;;;
UMW;124;0.90051998;;;;
UMW;34;1.012086015;;;;
TPL;157;0.547576413;;;;
UMW;33;0.92031787;;;;
UMW;60;0.859266207;;;;
UMW;344;1.234237026;;;;
UMW;42;0.958396827;;;;
UMW;324;0.920317871;;;;
UMW;310;0.920317871;;;;
UMW;2;0.769170711;;;;
UMW;181;1.078118574;;;;
UMW;65;1.109055421;;;;
UMW;12;1.221325798;;;;
UMW;103;1.138754457;;;;
UMW;70;1.012086015;;;;
UMW;238;1.029152902;;;;
UMW;51;1.208186041;;;;
UMW;8;1.341324603;;;;
UMW;20;1.078118573;;;;
UMW;31;1.181187542;;;;
UMW;8;0.845889684;;;;
UMW;104;1.208186041;;;;
TPL;404;0.996382981;;;;
UMW;6;1.012086015;;;;
UMW;151;0.837746529;;;;
UMW;75;1.307316662;;;;
UMW;9;1.109055421;;;;
UMW;80;1.093748138;;;;
UMW;173;1.246927538;;;;
UMW;6;0.976728052;;;;
UMW;61;1.029152902;;;;
TPL;86;0.994617518;;;;
TPL;57;0.769170711;;;;
UMW;32;0.815584379;;;;
UMW;21;1.373842658;;;;
TPL;31;0.179033139;;;;
TPL;91;0.960250453;;;;
TPL;89;0.857142094;;;;
UMW;27;0.90051998;;;;
UMW;3;1.029152902;;;;
UMW;185;1.278942116;;;;
UMW;76;1.234237026;;;;
UMW;271;1.153169995;;;;
UMW;147;1.259404755;;;;
UMW;10;1.208186041;;;;
UMW;12;0.880179615;;;;
CPL;61;0.579171687;;;;
SAP;388;1.167310935;;;;
TPL;115;0.666611091;;;;
CPL;160;1.167310935;;;;
CPL;514;0.859266206;;;;
CPL;121;0.945919611;;;;
TPL;993;1.045836231;;;;
SAP;224;1.029152902;;;;
SAP;754;0.90051998;;;;
TPL;574;0.920317871;;;;
SAP;409;1.246927538;;;;
SAP;430;1.045836231;;;;
TPL;316;0.976728052;;;;
SAP;130;1.384373003;;;;
SAP;348;1.35232298;;;;
CPL;461;0.609476993;;;;
TPL;101;1.221325798;;;;
TPL;400;0.638593544;;;;
SAP;985;1.265565594;;;;
CPL;103;0.994617518;;;;
TPL;230;0.837746529;;;;
TPL;81;1.068580409;;;;
TPL;209;0.976728052;;;;
CPL;526;0.769170711;;;;
SAP;559;1.012086015;;;;
TPL;453;0.846429399;;;;
TPL;111;1.124053444;;;;
TPL;215;1.138754457;;;;
SAP;88;1.058918101;;;;
TPL;13;1.027463762;;;;
TPL;329;0.958396827;;;;
SAP;176;0.859266207;;;;
CPL;401;1.124053444;;;;
CPL;89;0.939601472;;;;
CPL;56;1.221325798;;;;
CPL;47;1.208186041;;;;
CPL;545;0.815584379;;;;
CPL;440;1.124053444;;;;
CPL;540;0.547576413;;;;
CPL;291;0.69360959;;;;
CPL;576;0.958396827;;;;
CPL;116;1.012086015;;;;
CPL;352;0.958396827;;;;
CPL;77;0.666611091;;;;
CPL;15;1.093748138;;;;
CPL;185;0.918143998;;;;
CPL;302;1.078118574;;;;
CPL;393;0.815584379;;;;
CPL;916;0.837746529;;;;
CPL;62;1.090648439;;;;
CPL;418;0.920317871;;;;
CPL;323;0.976728052;;;;
CPL;353;0.27816376;;;;
CPL;89;0.958396827;;;;
CPL;17;1.283747162;;;;
CPL;176;1.208186041;;;;
CPL;72;1.012086015;;;;
CPL;106;0.939601472;;;;
CPL;14;1.093748138;;;;
CPL;102;1.078118574;;;;
CPL;34;0.744828303;;;;
NPL;51;0.976728052;;;;
NPL;603;1.363160792;;;;
NPL;64;0.994617518;;;;
NPL;74;1.415096431;;;;
NPL;18;0.859266207;;;;
WMT;6;1.271675727;;;;
NPL;16;1.103987982;;;;
WMT;148;0.859266207;;;;
NPL;69;0.69360959;;;;
NPL;87;0.547576413;;;;
NPL;19;0.443820376;;;;
NPL;239;0.27816376;;;;
NPL;97;1.045836231;;;;
NPL;65;1.029152902;;;;
NPL;39;0.90051998;;;;
NPL;67;0.230251853;;;;
NPL;189;0.27816376;;;;
NPL;3;1.045836231;;;;
NPL;2;0.40574142;;;;
WMT;5;0.514576451;;;;
WMT;2;1.012086015;;;;
WMT;71;1.029152903;;;;
NPL;13;0.609476993;;;;
NPL;229;1.341324603;;;;
NPL;9;0.769170711;;;;
NPL;278;0.365603164;;;;
NPL;152;0.514576452;;;;
NPL;6;0.514576451;;;;
NPL;93;1.062152864;;;;
NPL;5;0.764365665;;;;
NPL;33;0.638593544;;;;
WMT;50;1.231672682;;;;
WMT;119;1.078118574;;;;
WMT;26;1.053495309;;;;
WMT;5;1.21730751;;;;
NPL;89;1.013810469;;;;
NPL;286;0.958396827;;;;
NPL;7;1.029152902;;;;
WMT;49;1.271675727;;;;
NPL;1218;1.098440378;;;;
NPL;18;1.124053444;;;;
NPL;68;1.153169995;;;;
WMT;18;0.90051998;;;;
XER;205;1.070178638;;;;
WMT;52;1.373842658;;;;
NPL;37;0.958396827;;;;
NPL;40;0.815584379;;;;
NPL;25;1.363160791;;;;
WMT;68;1.307316662;;;;
CPL;406;1.208186041;;;;
NPL;19;1.194809519;;;;
NPL;57;1.286138071;;;;
NPL;41;1.029152902;;;;
NPL;29;1.012086015;;;;
NPL;12;0.958396827;;;;
NPL;11;0.958396827;;;;
NPL;3;0.893801591;;;;
NPL;88;0.976728052;;;;
NPL;1;1.012086015;;;;
NPL;107;1.217408233;;;;
TPL;19;0.991073946;;;;
NPL;29;0.994617518;;;;
TPL;42;1.167310935;;;;
TPL;11;0.638593544;;;;
NPL;32;0.579171687;;;;
TPL;6;0.815584379;;;;
NPL;20;0.815584379;;;;
TPL;158;0.958396827;;;;
NPL;23;0.629014354;;;;
NPL;10;0.609476993;;;;
NPL;197;0.179033139;;;;
TPL;180;0.880179615;;;;
NPL;2;0.547576413;;;;
NPL;19;1.221325798;;;;
NPL;7;0.920317871;;;;
NPL;58;0.638593544;;;;
NPL;8;0.744828303;;;;
TPL;57;1.295625445;;;;
NPL;1;1.246927538;;;;
NPL;3;0.976728052;;;;
NPL;420;0.90051998;;;;
SPL;7;0.958396827;;;;
SPL;108;1.029152902;;;;
NPL;79;0.638593544;;;;
SPL;248;0.579171687;;;;
NPL;145;0.815584379;;;;
SPL;109;1.045836231;;;;
SPL;170;0.880179615;;;;
TPL;108;0.27816376;;;;
SPL;407;0.855722635;;;;
SPL;478;0.994617518;;;;
SPL;95;1.208186041;;;;
SPL;192;1.271675727;;;;
TPL;72;0.719660575;;;;
TPL;51;0.769170711;;;;
TPL;73;0.69360959;;;;
NPL;35;0.994617518;;;;
TPL;123;0.939601471;;;;
TPL;75;0.579171687;;;;
SPL;48;1.138754457;;;;
TPL;17;0.939601471;;;;
NPL;255;0.939601471;;;;
SPL;61;0.920317871;;;;
SPL;25;0.939601472;;;;
SPL;72;0.958396827;;;;
SPL;42;0.815584379;;;;
NPL;69;1.012086015;;;;
SPL;3;0.579171687;;;;
TPL;5;0.90051998;;;;
SPL;11;0.976728052;;;;
NPL;17;0.859266207;;;;
TPL;324;0.79274021;;;;
NAP;61;1.368520937;;;;
NAP;27;1.138754457;;;;
NAP;164;0.514576451;;;;
NAP;80;0.837746529;;;;
NAP;4;1.278942116;;;;
NAP;111;1.167310935;;;;
SAP;319;1.271675727;;;;
NAP;202;1.33016083;;;;
NAP;194;1.181187542;;;;
SAP;149;1.208186041;;;;
WMT;108;1.167310935;;;;
XER;30;0.920317871;;;;
SPL;510;1.012086015;;;;
XER;214;0.649927762;;;;
WMT;142;0.79274021;;;;
XER;38;1.10905542;;;;
SPL;169;0.666611091;;;;
SPL;15;1.078118573;;;;
SPL;13;0.744828304;;;;
SPL;248;0.954101481;;;;
XER;345;0.79274021;;;;
SPL;4;1.125536715;;;;
XER;64;0.939601471;;;;
SPL;102;0.958396827;;;;
SPL;88;1.124053444;;;;
WMT;41;1.109055421;;;;
WMT;21;1.045836231;;;;
WMT;2;0.994617518;;;;
WMT;114;0.958396827;;;;
SPL;62;0.90051998;;;;
XER;1;1.17812619;;;;
NAP;116;1.167310935;;;;
NAP;155;1.109055421;;;;
NAP;592;0.365603164;;;;
NAP;275;0.609476993;;;;
NAP;162;0.666611091;;;;
NAP;96;0.90051998;;;;
NAP;70;0.792740211;;;;
NAP;235;0.939601471;;;;
NAP;31;1.012086015;;;;
NAP;93;1.029152902;;;;
NAP;173;1.062152864;;;;
NAP;108;0.958396827;;;;
NAP;483;0.480041066;;;;
NAP;37;0.769170711;;;;
NAP;283;0.666611091;;;;
NAP;322;0.939601472;;;;
NAP;49;0.666611091;;;;
NAP;243;1.027463762;;;;
SAP;114;1.074952783;;;;
SAP;259;0.976728052;;;;
TPL;256;1.076537366;;;;
TPL;754;0.943398804;;;;
SPL;248;1.078118574;;;;
CPL;210;0.609476993;;;;
SAP;163;1.062152864;;;;
SPL;1036;0.994617518;;;;
SPL;453;0.443820376;;;;
SPL;726;0.76917071;;;;
TPL;9;1.062152864;;;;
SPL;511;1.153169995;;;;
TPL;267;1.062152864;;;;
SPL;226;1.124053444;;;;
SPL;639;0.880179615;;;;
SAP;116;0.729830281;;;;
CPL;865;0.443820376;;;;
SPL;3228;0.713729437;;;;
TPL;550;0.597502912;;;;
SPL;693;0.69360959;;;;
SPL;949;1.029152902;;;;
CPL;583;0.815584379;;;;
SAP;362;1.138754457;;;;
SPL;105;0.365603164;;;;
SAP;44;1.029152902;;;;
SAP;24;0.547576413;;;;
SAP;445;1.194809519;;;;
SPL;84;1.208186041;;;;
SPL;36;0.90051998;;;;
WMT;57;0.792740211;;;;
WMT;94;1.354503237;;;;
WMT;100;0.837746529;;;;
WMT;32;1.029152902;;;;
XER;4;0.837746529;;;;
WMT;40;0.514576451;;;;
WMT;26;0.859266207;;;;
WMT;26;1.093748138;;;;
WMT;17;1.029152902;;;;
WMT;8;1.109055421;;;;
WMT;40;0.939601472;;;;
WMT;31;0.579171687;;;;
WMT;8;0.719660575;;;;
WMT;2;1.167310935;;;;
WMT;7;1.373842658;;;;
WMT;77;0.90051998;;;;
WMT;1;0.893801591;;;;
WMT;44;0.939601472;;;;
WMT;69;0.859266207;;;;
WMT;6;0.924214871;;;;
WMT;39;1.221325798;;;;
XER;19;1.132908939;;;;
WMT;33;1.045836231;;;;
WMT;73;0.939601471;;;;
WMT;79;0.744828304;;;;
XER;47;0.920317871;;;;
XER;843;0.875006236;;;;
WMT;5;1.109055421;;;;
WMT;28;1.012086015;;;;
WMT;26;1.246927538;;;;
WMT;120;1.069291158;;;;
WMT;35;1.246927538;;;;
SAP;488;1.242721426;;;;
CPL;20;0.230251852;;;;
NAP;423;0.638593544;;;;
NAP;145;0.880179615;;;;
SAP;489;0.815584379;;;;
NAP;236;0.716453758;;;;
SAP;213;1.295625445;;;;
SAP;181;0.976728052;;;;
NAP;185;0.638593544;;;;
NAP;356;0.514576452;;;;
SAP;524;0.76917071;;;;
NAP;349;0.666611091;;;;
NAP;57;1.124053444;;;;
SAP;250;1.48219547;;;;
SAP;411;0.744828303;;;;
NAP;1202;0.792740211;;;;
SAP;105;0.69360959;;;;
NAP;145;0.769170711;;;;
SAP;208;0.920317871;;;;
CPL;275;1.271675727;;;;
NAP;72;0.792740211;;;;
NAP;176;0.880179615;;;;
NAP;116;0.976728052;;;;
NAP;48;0.945290211;;;;
NAP;98;1.35232298;;;;
NAP;63;1.029152903;;;;
NAP;308;0.880179615;;;;
NAP;60;1.246927538;;;;
NAP;355;1.158858734;;;;
NAP;162;1.124053444;;;;
NAP;119;0.40574142;;;;
NAP;111;1.027463762;;;;
NAP;80;1.259404755;;;;
NAP;58;1.307316662;;;;
NAP;7;1.207080491;;;;
SAP;84;1.078118574;;;;
SAP;462;1.124053444;;;;
CPL;145;1.131440339;;;;
CPL;169;1.189390685;;;;
CPL;93;1.045836231;;;;
SAP;89;1.153169995;;;;
CPL;386;1.062152864;;;;
CPL;135;1.22392607;;;;
SAP;230;1.384373003;;;;
SAP;145;1.030838208;;;;
CPL;595;0.880179615;;;;
CPL;75;1.307316662;;;;
CPL;114;0.719660575;;;;
SAP;255;1.092199906;;;;
CPL;78;1.194809519;;;;
SAP;147;1.078118573;;;;
CPL;30;0.839926786;;;;
SAP;193;0.94905863;;;;
SAP;107;0.994617518;;;;
SAP;171;0.982140301;;;;
NPL;46;0.90051998;;;;
NPL;7;0.666611091;;;;
SPL;163;1.208186041;;;;
NPL;274;0.859266207;;;;
NPL;9;1.307316662;;;;
TPL;525;1.221325798;;;;
NPL;32;0.976728052;;;;
NPL;44;0.609476993;;;;
NPL;80;0.064595236;;;;
TPL;350;0.579171687;;;;
NPL;3;1.012086015;;;;
TPL;113;1.181187542;;;;
NPL;103;0.443820376;;;;
NPL;130;1.062152864;;;;
TPL;291;0.859266206;;;;
NPL;79;0.719660575;;;;
NPL;5;0.76917071;;;;
NPL;127;0.994617518;;;;
TPL;115;0.514576452;;;;
NPL;9;0.579171687;;;;
TPL;17;0.27816376;;;;
NPL;83;0.609476993;;;;
NPL;57;0.92031787;;;;
NPL;14;0;;;;
TPL;32;0.124017093;;;;
NPL;31;0.92031787;;;;
NPL;31;0.179033139;;;;
NPL;447;0.880179615;;;;
NPL;35;0.27816376;;;;
NPL;5;0.792740211;;;;
NPL;20;0.744828304;;;;
NPL;12;1.167310935;;;;
NPL;5;0.666611091;;;;
TPL;55;0.90051998;;;;
NPL;18;0.880179615;;;;
NPL;93;1.045836231;;;;
WMT;101;1.093748138;;;;
SAP;302;0.969449789;;;;
SAP;296;0.857142094;;;;
CPL;158;0.880179615;;;;
SAP;101;1.35232298;;;;
SAP;632;1.307316661;;;;
SAP;438;1.078118574;;;;
SAP;272;1.341324603;;;;
SAP;542;1.268015685;;;;
SAP;208;0.976728052;;;;
SAP;421;1.363160791;;;;
SAP;391;0.945919611;;;;
SAP;419;1.078118574;;;;
SAP;434;1.167310935;;;;
CPL;34;0.443820376;;;;
SAP;80;0.939601472;;;;
SAP;218;0.92031787;;;;
CPL;139;1.062152864;;;;
SAP;586;1.221325798;;;;
SAP;118;1.167310935;;;;
CPL;92;0.90051998;;;;
CPL;14;0.609476993;;;;
SAP;8;0.609476993;;;;
SAP;173;1.029152902;;;;
SAP;217;1.138754457;;;;
SAP;260;1.029152902;;;;
CPL;276;1.167310935;;;;
SAP;93;0.547576413;;;;
CPL;164;0.90051998;;;;
SPL;20;1.153169995;;;;
CPL;9;0.92031787;;;;
CPL;146;0.994617518;;;;
SPL;33;1.318826611;;;;
SPL;454;1.012086015;;;;
SPL;318;0.994617518;;;;
SPL;131;1.124053444;;;;
XER;4;0.719660575;;;;
SPL;470;0.815584379;;;;
CPL;478;1.078118574;;;;
CPL;196;0.920317871;;;;
SPL;150;1.33016083;;;;
CPL;69;1.167310935;;;;
SPL;15;0.859266207;;;;
SPL;79;1.062152864;;;;
SPL;7;0.179033139;;;;
SPL;45;0.837746529;;;;
SPL;403;0.92031787;;;;
CPL;115;0.90051998;;;;
XER;371;0.976728052;;;;
CPL;3020;0.443820376;;;;
SPL;429;1.012086015;;;;
SPL;6;1.012086015;;;;
SPL;247;0.837746529;;;;
SPL;3312;0.79274021;;;;
SPL;638;1.138754457;;;;
SPL;354;1.153169995;;;;
CPL;277;1.167310935;;;;
SPL;354;1.194809519;;;;
SPL;2;1.181187542;;;;
CPL;111;1.012086015;;;;
SPL;1907;1.078118574;;;;
CPL;71;0.579171687;;;;
SPL;2;0.939601472;;;;
SPL;231;0.815584379;;;;
CPL;7;0.994617518;;;;
WMT;101;1.221325798;;;;
XER;87;1.246927538;;;;
XER;106;1.259404755;;;;
XER;5;1.26310739;;;;
XER;3;1.234237026;;;;
XER;55;0.769170711;;;;
XER;20;0.480041067;;;;
XER;66;1.093748138;;;;
WMT;261;1.463635081;;;;
XER;302;1.319777767;;;;
XER;26;1.10905542;;;;
WMT;28;1.415096431;;;;
XER;17;0.547576413;;;;
XER;126;1.138754457;;;;
XER;56;1.124053444;;;;
WMT;32;1.404995909;;;;
SAP;430;1.246927538;;;;
CPL;414;1.093748138;;;;
SAP;217;1.234237026;;;;
CPL;102;1.10905542;;;;
SAP;16;0.40574142;;;;
SAP;95;0.976728052;;;;
SAP;454;1.415096431;;;;
SAP;164;1.318826611;;;;
CPL;214;1.093748138;;;;
SAP;94;1.093748138;;;;
SAP;203;1.208186041;;;;
SAP;205;1.33016083;;;;
SAP;87;1.181187542;;;;
SAP;50;0.920317871;;;;
SAP;511;1.363160791;;;;
CPL;13;1.181187542;;;;
SAP;141;1.208186041;;;;
NAP;15;0.744828304;;;;
NAP;11;0.815584379;;;;
NAP;105;1.093748138;;;;
NAP;325;1.153169995;;;;
NAP;25;1.341324603;;;;
NAP;68;1.029152902;;;;
NAP;91;0.994617518;;;;
NAP;56;0.976728052;;;;
WMT;57;0.666611091;;;;
WMT;133;0.638593544;;;;
WMT;35;1.012086015;;;;
WMT;24;0.76917071;;;;
WMT;11;0.958396827;;;;
WMT;35;0.609476993;;;;
WMT;26;0.90051998;;;;
WMT;228;0.958396827;;;;
WMT;2;0.815584379;;;;
WMT;24;1.138754457;;;;
XER;149;0.920317871;;;;
XER;90;0.976728052;;;;
XER;17;0.609476993;;;;
WMT;125;0.945020305;;;;
UMW;10;1.062152864;;;;
UMW;195;0.880179615;;;;
UMW;27;1.167310935;;;;
UMW;217;1.029152902;;;;
UMW;301;0.744828303;;;;
UMW;456;0.719660575;;;;
UMW;84;1.078118574;;;;
UMW;60;0.920317871;;;;
UMW;64;0.744828303;;;;
TPL;374;1.153169995;;;;
UMW;247;0.792740211;;;;
UMW;247;1.012086015;;;;
UMW;243;0.939601472;;;;
UMW;77;1.138754457;;;;
UMW;266;0.976728052;;;;
UMW;508;1.124053444;;;;
UMW;97;1.012086015;;;;
UMW;86;1.341324603;;;;
UMW;60;1.0678944;;;;
UMW;36;1.167310935;;;;
UMW;104;1.194809519;;;;
UMW;130;1.221325798;;;;
UMW;90;0.815584379;;;;
UMW;78;1.221325798;;;;
UMW;226;0.719660575;;;;
UMW;113;1.221325798;;;;
TPL;257;1.045836231;;;;
UMW;165;1.181187542;;;;
TPL;418;1.045836231;;;;
UMW;361;0.976728052;;;;
UMW;85;0.90051998;;;;
UMW;104;1.029152902;;;;
UMW;236;0.958396827;;;;
UMW;196;0.744828303;;;;
UMW;183;1.109055421;;;;
UMW;57;1.062152864;;;;
SAP;328;0.69360959;;;;
SAP;391;0.958396827;;;;
SAP;321;0.69360959;;;;
SAP;566;0.958396827;;;;
SAP;303;0.976728052;;;;
SAP;127;0.79274021;;;;
SAP;87;0.880179615;;;;
SAP;56;1.138754457;;;;
SAP;95;1.012086015;;;;
SAP;287;1.078118574;;;;
SAP;275;1.167310935;;;;
SAP;228;0.79274021;;;;
SAP;304;0.994617518;;;;
SAP;294;0.744828303;;;;
SAP;633;0.920317871;;;;
SAP;561;0.719660575;;;;
SAP;481;0.859266207;;;;
SAP;143;0.79274021;;;;
SAP;932;0.609476993;;;;
SAP;364;0.769170711;;;;
SAP;6;0.859266207;;;;
WMT;22;1.093748138;;;;
NPL;11;0.609476993;;;;
NPL;47;1.208186041;;;;
XER;278;1.093748138;;;;
XER;81;1.194809519;;;;
XER;274;1.245668205;;;;
NPL;299;1.208186041;;;;
XER;3;0.719660575;;;;
NPL;47;1.029152902;;;;
NPL;78;0.666611091;;;;
NPL;38;1.078118573;;;;
XER;14;0.976728052;;;;
XER;135;1.029152902;;;;
NPL;9;0.79274021;;;;
NPL;49;0.69360959;;;;
WMT;547;0.649927762;;;;
XER;10;0.719660575;;;;
SPL;502;1.093748138;;;;
NPL;72;1.093748138;;;;
NPL;51;0.994617518;;;;
XER;47;1.153169995;;;;
XER;7;1.109055421;;;;
XER;150;0.880179615;;;;
XER;93;1.194809519;;;;
XER;44;0.880179615;;;;
NPL;67;0.976728052;;;;
XER;102;0.920317871;;;;
XER;27;0.815584379;;;;
XER;1;1.029152902;;;;
NPL;232;1.062152864;;;;
NPL;23;1.079696421;;;;
WMT;95;1.295625445;;;;
WMT;119;1.181187542;;;;
XER;22;0.939601472;;;;
